odeta.chitaniuc@jaguar-ep.com,Odeta.chitaniuc@jaguar-ep.com,Active,7/20/2022 11:49, ,NEXT MBA CEO
office@chocolatepanda.co.il,office@chocolatepanda.co.il,Active,8/31/2022 3:23,9/6/2022 13:13,NEXT MBA — CMO
office@mgbconstruction.ca,Office@mgbconstruction.ca,Active,8/18/2022 13:04,9/3/2022 21:52,NEXT MBA — CMO
oficinaeloy@gmail.com,oficinaeloy@gmail.com,Active,8/29/2022 14:32,9/9/2022 0:20,NEXT MBA CEO
ofstuani@gmail.com,ofstuani@gmail.com,Active,7/29/2022 11:07, ,"NEXT MBA CEO,NEXT MBA — CMO"
ogedi.akabueze@ddbwestafrica.com,ogedi.akabueze@ddbwestafrica.com,Active,7/18/2022 16:35, ,NEXT MBA — CMO
ogi.rulino@pelindomultiterminal.co.id,ogi.rulino@pelindomultiterminal.co.id,Active,7/12/2022 14:36, ,NEXT MBA CEO
oksiwork@gmail.com,oksiwork@gmail.com,Active,7/4/2022 13:40, ,NEXT MBA — CMO
olanrewajuolayinka@yahoo.co.uk,Olayinka Olanrewaju,Active,12/16/2021 13:51,1/15/2022 16:03,NEXT MBA CEO
olasomimercy@gmail.com,olasomimercy@gmail.com,Active,7/4/2022 17:44,8/18/2022 2:07,NEXT MBA — CMO
olga.aistudio@gmail.com,Olga.aistudio@gmail.com,Active,7/9/2022 15:16,7/23/2022 22:31,"NEXT MBA CEO,NEXT MBA — CMO"
olga.iasinov@dita.md,olga.iasinov@dita.md,Active,7/21/2022 13:07, ,"NEXT MBA CEO,NEXT MBA — CMO"
olga.lagartinho@gmail.com,Olga.lagartinho@gmail.com,Active,8/16/2022 11:15,9/1/2022 15:56,"NEXT MBA CEO,NEXT MBA — CMO"
olga.mironova.nz@gmail.com,olga.mironova.nz@gmail.com,Active,7/18/2022 16:13,9/5/2022 8:47,"NEXT MBA CEO,NEXT MBA — CMO"
oliabatyr@gmail.com,oliabatyr@gmail.com,Active,7/14/2022 11:19,9/13/2022 22:59,NEXT MBA — CMO
olimp180life@gmail.com,sergio testi,Active,2/20/2022 14:21, , 
olimp360life@gmail.com,SergioTests,Active,2/14/2022 18:35, , 
oliver.lukacovic@basetree.eu,oliver.lukacovic@basetree.eu,Active,9/11/2022 14:07,9/11/2022 14:10,NEXT MBA CEO
oliver@propertybranding.co.uk,oliver@propertybranding.co.uk,Active,7/21/2022 13:40, ,"NEXT MBA CEO,NEXT MBA — CMO"
olivera.kostovska@live.co.uk,Olivera.kostovska@live.co.uk,Active,7/4/2022 12:58,9/1/2022 18:14,NEXT MBA — CMO
olivia@lalchimiesacree.fr,olivia@lalchimiesacree.fr,Active,9/5/2022 3:12,9/6/2022 18:46,"NEXT MBA CEO,NEXT MBA — CMO"
oliwia.siminska@gmail.com,oliwia.siminska@gmail.com,Active,7/4/2022 13:45,9/1/2022 14:31,NEXT MBA — CMO
oloomourine@gmail.com,Mourine Oloo,Active,7/12/2022 10:13,9/1/2022 14:42,"NEXT MBA CEO,NEXT MBA — CMO"
olufemsa@gmail.com,olufemsa@gmail.com,Active,8/16/2022 11:16,8/22/2022 10:52,NEXT MBA CEO
omaga.idirigbe@bbdowestafrica.co,omaga.idirigbe@bbdowestafrica.co,Active,7/18/2022 16:37, ,NEXT MBA — CMO
omamuzosamson@gmail.com,omamuzosamson@gmail.com,Active,8/9/2022 9:41,8/10/2022 8:15,"NEXT MBA CEO,NEXT MBA — CMO"
omar.elrahimy@gmail.com,omar.elrahimy@gmail.com,Active,8/29/2022 14:32,8/29/2022 17:26,NEXT MBA — CMO
omar.patino@jaguar-ep.com,omar.patino@jaguar-ep.com,Active,7/20/2022 11:49,8/20/2022 15:06,NEXT MBA CEO
omar.tlalpan@gmail.com,omar.tlalpan@gmail.com,Active,8/17/2022 11:11,9/7/2022 19:36,NEXT MBA CEO
omaradames@hotmail.com,omaradames@hotmail.com,Active,7/29/2022 10:29, ,"NEXT MBA CEO,NEXT MBA — CMO"
omaralshal@gmail.com,Omar Abdelwahed,Active,6/30/2022 13:27, ,"NEXT MBA CEO,NEXT MBA — CMO"
omarmoussa1125@gmail.com,omarmoussa1125@gmail.com,Active,7/25/2022 13:56,8/31/2022 11:00,NEXT MBA — CMO
omega09.df@gmail.com,omega09.df@gmail.com,Active,8/30/2022 5:55, ,NEXT MBA CEO
omer.duraker@gmail.com,Omer Duraker,Active,9/8/2022 11:13, ,NEXT MBA — CMO
omiranda20@hotmail.com,omiranda20@hotmail.com,Active,8/14/2022 22:07,8/15/2022 19:19,NEXT MBA — CMO
ongkietedja999@gmail.com,ongkietedja999@gmail.com,Active,7/9/2022 15:32, ,"NEXT MBA CEO,NEXT MBA — CMO"
onyebuchi.ugwumbah@ddbwestafrica.com,onyebuchi.ugwumbah@ddbwestafrica.com,Active,7/18/2022 16:36, ,NEXT MBA — CMO
oroman@wp.pl,oroman@wp.pl,Active,8/24/2022 12:20, ,NEXT MBA — CMO
osamazafar@gmail.com,Osamazafar@gmail.com,Active,8/23/2022 12:08,9/5/2022 10:00,NEXT MBA CEO
osesalomon16@gmail.com,osesalomon16@gmail.com,Active,7/29/2022 11:09, ,"NEXT MBA CEO,NEXT MBA — CMO"
osmansacid33@gmail.com,osman said isse,Active,11/22/2021 22:37, , 
oteiza.rodrigo@outlook.com,oteiza.rodrigo@outlook.com,Active,7/7/2022 17:09,7/27/2022 16:48,NEXT MBA CEO
owen.fernando@gmail.com,owen.fernando@gmail.com,Active,7/12/2022 12:33,9/1/2022 3:50,"NEXT MBA CEO,NEXT MBA — CMO"
owen@owenfitzpatrick.com,owen@owenfitzpatrick.com,Active,7/4/2022 13:05,7/21/2022 14:56,NEXT MBA — CMO
oystein.wikeby@capmarineconsultants.com,oystein.wikeby@capmarineconsultants.com,Active,7/18/2022 11:56,7/19/2022 16:56,"NEXT MBA CEO,NEXT MBA — CMO"
p.srujanbabu@gmail.com,p.srujanbabu,Active,9/6/2022 18:41,9/6/2022 19:04,NEXT MBA — CMO
pablo.kazez@peoplechange.cl,Pablo.kazez@peoplechange.cl,Active,8/12/2022 11:02,8/24/2022 16:12,"NEXT MBA CEO,NEXT MBA — CMO"
pablofernandez1984@gmail.com,Pablo Fernandez,Active,6/30/2022 13:31, ,"NEXT MBA CEO,NEXT MBA — CMO"
paco@volvocarsnb.com,paco@volvocarsnb.com,Active,7/4/2022 13:15,8/15/2022 16:48,NEXT MBA — CMO
pajaree.ro@samitivej.co.th,pajaree.ro@samitivej.co.th,Active,8/16/2022 16:40,8/17/2022 7:46,"NEXT MBA CEO,NEXT MBA — CMO"
panky23777@gmail.com,Pankaj Sharma,Active,8/13/2022 4:42,8/13/2022 8:50, 
paolo.raineri01@gmail.com,Paolo Raineri,Active,6/30/2022 12:28,7/23/2022 19:14,NEXT MBA CEO
paoloarancio20@gmail.com,paoloarancio20@gmail.com,Active,8/17/2022 11:36,8/20/2022 15:43,NEXT MBA CEO
paoolarossi@gmail.com,paoolarossi@gmail.com,Active,8/31/2022 3:25,9/3/2022 16:47,NEXT MBA — CMO
parikshit_sharma@infosys.com,Parikshit_Sharma,Active,8/24/2022 17:05,9/6/2022 2:39,NEXT MBA CEO
parker@tuffmedia.ca,parker@tuffmedia.ca,Active,8/24/2022 11:55,9/2/2022 1:02,NEXT MBA — CMO
parkuraphael00@gmail.com,parkura Raphael,Active,11/19/2021 13:49, , 
parth@mgbconstruction.ca,parth@mgbconstruction.ca,Active,8/23/2022 16:33,8/29/2022 16:46,NEXT MBA — CMO
parthiben.chandrasegaran@gmail.com,parthiben.chandrasegaran@gmail.com,Active,7/29/2022 10:39, ,"NEXT MBA CEO,NEXT MBA — CMO"
partycjaw@gmail.com,Patrycja Wala,Active,6/30/2022 13:34,7/24/2022 13:21,NEXT MBA CEO
pascalbohon@mac.com,Pascal Bohon,Active,6/30/2022 13:15,8/27/2022 14:03,"NEXT MBA CEO,NEXT MBA — CMO"
patric@patricpop.com,Patric Pop,Active,6/30/2022 13:29, ,NEXT MBA CEO
patricia.casanova@yahoo.com,patricia.casanova@yahoo.com,Active,9/14/2022 11:29, ,NEXT MBA — CMO
patricia.mazuera@gmail.com,Patricia.mazuera@gmail.com,Active,8/31/2022 20:43, ,NEXT MBA — CMO
patriciadomingos@gmail.com,Patricia Domingos,Active,6/30/2022 12:20,7/26/2022 19:35,NEXT MBA CEO
patrickccoutinho@gmail.com,patrickccoutinho@gmail.com,Active,7/29/2022 11:10, ,"NEXT MBA CEO,NEXT MBA — CMO"
patrickcormier73@icloud.com,patrickcormier73@icloud.com,Active,8/14/2022 22:08, , 
patrikbirkhane@gmail.com,Patrikbirkhane@gmail.com,Active,7/29/2022 11:41, ,NEXT MBA CEO
patryk.malinowski@boldare.com,patryk.malinowski@boldare.com,Active,9/5/2022 3:26, ,NEXT MBA — CMO
patty@fired-up.io,patty@fired-up.io,Active,7/23/2022 10:52, ,"NEXT MBA CEO,NEXT MBA — CMO"
paul.cirlanaru@citr.ro,Paul Cirlanaru,Active,7/15/2022 16:05,7/18/2022 16:59, 
paul.woolley-uk@hotmail.co.uk,Paul,Active,7/11/2022 20:19,8/16/2022 10:57,"NEXT MBA CEO,NEXT MBA — CMO"
paul@gizoom.com,paul@gizoom.com,Active,8/17/2022 11:21, ,NEXT MBA — CMO
paula.gonsales@gmail.com,paula.gonsales@gmail.con,Active,8/25/2022 11:33, ,NEXT MBA — CMO
paula@marketily.com,Paula,Active,7/12/2022 16:21,7/16/2022 17:49,"NEXT MBA CEO,NEXT MBA — CMO"
paulaalfaro15@outlook.com,paulaalfaro15@outlook.com,Active,8/25/2022 17:23,9/10/2022 19:49,NEXT MBA — CMO
paulofilho@virtual.ufc.br,Paulo Filho,Active,7/3/2022 12:28,9/11/2022 18:34,"NEXT MBA CEO,NEXT MBA — CMO"
paulpromise200@gmail.com,Paul,Active,11/18/2021 11:49, , 
paustina@gmail.com,Paustina@gmail.com,Active,7/4/2022 12:58,7/16/2022 15:45,NEXT MBA — CMO
pavel@realfood.bg,pavel@realfood.bg,Active,8/23/2022 14:09,9/12/2022 11:04,NEXT MBA — CMO
pavle.lazarevic@sva.rs,Pavle Lazarevic,Active,9/7/2022 11:52,9/7/2022 11:56,NEXT MBA — CMO
pavol_truchan@tatrabanka.sk,pavol_truchan@tatrabanka.sk,Active,7/15/2022 13:49, ,"NEXT MBA CEO,NEXT MBA — CMO"
pawel.kanski@boldare.com,pawel.kanski@boldare.com,Active,9/5/2022 3:27, ,NEXT MBA — CMO
pawel.mzr@gmail.com,pawel.mzr@gmail.com,Active,7/4/2022 13:06, ,NEXT MBA — CMO
pawel.zajac@channels.app,pawel.zajac@channels.app,Active,7/14/2022 11:17,7/26/2022 12:29,NEXT MBA — CMO
pawel@corazlepszafirma.pl,pawel@corazlepszafirma.pl,Active,8/14/2022 22:14, ,NEXT MBA CEO
pbarnett22@gmail.com,Peter Barnett,Active,8/15/2022 17:42,8/15/2022 17:44, 
pcolkitt@windermere.com,Patience Colkitt,Active,7/13/2022 7:26,7/13/2022 7:26, 
pduman@ziraatbank.com.tr,pduman@ziraatbank.com.tr,Active,8/5/2022 9:44,9/8/2022 14:59,"NEXT MBA CEO,NEXT MBA — CMO"
pdundakova@melontech.com,pdundakova@melontech.com,Active,9/6/2022 3:33,9/7/2022 13:42,NEXT MBA CEO
pedro@acsystems.pt,pedro@acsystems.pt,Active,7/4/2022 13:46, ,NEXT MBA — CMO
perrine@brandspa.ch,Perrine@brandspa.ch,Active,8/28/2022 12:38,9/14/2022 10:28,NEXT MBA — CMO
peter@gewoonmedia.nl,Peter@gewoonmedia.nl,Active,8/26/2022 11:56,8/27/2022 22:17,NEXT MBA — CMO
peter@jmarketing.dk,Peter@jmarketing.dk,Active,8/16/2022 11:12, ,NEXT MBA — CMO
petr.vesely@levelsportkoncept.cz,petr.vesely@levelsportkoncept.cz,Active,7/11/2022 9:37, ,NEXT MBA — CMO
petra.mravlja@gmail.com,petra.mravlja@gmail.com,Active,9/5/2022 3:30, ,"NEXT MBA CEO,NEXT MBA — CMO"
petrova.ekatryna@gmail.com,petrova.ekatryna@gmail.com,Active,7/13/2022 11:00,8/19/2022 20:55,NEXT MBA — CMO
phan.b.chi@gmail.com,phan.b.chi@gmail.com,Active,8/24/2022 12:29,9/10/2022 12:20,NEXT MBA — CMO
phi@ibpvietnam.vn,phi@ibpvietnam.vn,Active,8/19/2022 10:12, ,NEXT MBA CEO
phillip@phillipashley.com,phillip@phillipashley.com,Active,8/21/2022 10:33, ,NEXT MBA — CMO
phillipefthimiou@gmail.com,phillipefthimiou@gmail.com,Active,8/30/2022 17:02,8/30/2022 19:54,NEXT MBA CEO
phirun.kao@gmail.com,Phirun Kao,Active,6/30/2022 18:49,7/27/2022 10:44,"NEXT MBA CEO,NEXT MBA — CMO"
phoebech.wan@groupm.com,Phoebech Wan,Active,9/8/2022 21:13, ,NEXT MBA — CMO
phuonguyen272dn@gmail.com,Uyen,Active,8/11/2022 5:23,8/11/2022 5:24, 
pia@head100company.com,pia@head100company.com,Active,9/13/2022 9:48, ,NEXT MBA — CMO
piashhassan88@gmail.com,Piash,Active,11/18/2021 21:17, , 
piddubnaalina@gmail.com,piddubnaalina@gmail.com,Active,8/22/2022 9:44,9/1/2022 20:14,"NEXT MBA — CMO,NEXT MBA CEO"
pierre.simon.ps1@roche.com,pierre.simon.ps1@roche.com,Active,9/2/2022 16:09,9/4/2022 11:31,NEXT MBA CEO
pietro@pietroorciuolo.it,pietro@pietroorciuolo.it,Active,8/31/2022 18:14,9/7/2022 10:32,NEXT MBA — CMO
pillaibinu23@gmail.com,pillaibinu23@gmail.com,Active,8/22/2022 18:53,8/22/2022 19:05,NEXT MBA CEO
pinchasfrie@gmail.com,pinchasfrie@gmail.com,Active,9/2/2022 15:08, ,NEXT MBA — CMO
pinney@pinmediainc.com,pinney@pinmediainc.com,Active,9/2/2022 15:24, ,NEXT MBA — CMO
piostas@gmail.com,Piotr Stasiuk,Active,6/30/2022 13:34, ,NEXT MBA CEO
pleblanc@dettes.ca,Pierre,Active,7/22/2022 15:55,7/22/2022 15:55, 
pmihai@gmail.com,pmihai@gmail.com,Active,9/5/2022 3:51,9/5/2022 8:33,NEXT MBA CEO
pneyo123@gmail.com,Niyi Adesanya,Active,11/17/2021 20:14, , 
Pojidaeva.julia@yandex.ru,Юлия,Active,7/16/2022 13:06,8/24/2022 13:07,"NEXT MBA CEO,NEXT MBA — CMO"
polina.zakrevskaia@gmail.com,polina.zakrevskaia@gmail.com,Active,9/1/2022 4:32,9/3/2022 0:25,NEXT MBA CEO
poulomi.nath@gmail.com,poulomi.nath@gmail.com,Active,8/11/2022 14:38,8/11/2022 16:32,"NEXT MBA CEO,NEXT MBA — CMO"
pprado@silanes.com.mx,pprado@silanes.com.mx,Active,9/12/2022 1:17, ,NEXT MBA — CMO
pr-light@ya.ru,test aff,Active,12/1/2021 16:58, , 
prabhatjena@gmail.com,PRABHAT RANJAN JENA,Active,11/21/2021 18:53, , 
prachi@anr.in,Prachi  Vora,Active,9/13/2022 11:21,9/13/2022 12:51,NEXT MBA — CMO
prakash.logaiya@gmail.com,prakash.logaiya@gmail.com,Active,7/4/2022 13:10, ,NEXT MBA — CMO
pramit@cognitioinnovo.net,Pramit Kumar Ghosh,Active,7/22/2022 15:47,8/3/2022 13:23,"NEXT MBA CEO,NEXT MBA — CMO"
prasanna2042@gmail.com,Prasanna Rajan,Active,6/30/2022 13:12,7/13/2022 10:56,"NEXT MBA CEO,NEXT MBA — CMO"
prasenjit71@rediffmail.com,prasenjit71@rediffmail.com,Active,7/4/2022 13:47, ,NEXT MBA — CMO
prasetyo@pelindo.co.id,prasetyo@pelindo.co.id,Active,7/12/2022 14:24, ,NEXT MBA CEO
prashant.p@anr.in,Prashant Pandey,Active,9/12/2022 15:28, ,NEXT MBA — CMO
pratama.dp23@gmail.com,Dian Pratama,Active,7/4/2022 13:31,7/5/2022 3:17,NEXT MBA — CMO
pratiek@storydigital.in,pratiek@storydigital.in,Active,8/30/2022 6:56, ,NEXT MBA — CMO
praveen.nelanti@gmail.com,praveen.nelanti@gmail.com,Active,8/11/2022 14:39, ,"NEXT MBA CEO,NEXT MBA — CMO"
pricopteodoramihaela@gmail.com,,Active,7/12/2022 18:29, ,"NEXT MBA CEO,NEXT MBA — CMO"
primoz.gams@gmail.com,primoz.gams@gmail.com,Active,8/24/2022 12:01,8/24/2022 14:59,"NEXT MBA CEO,NEXT MBA — CMO"
primoz.zaplotnik@gmail.com,primoz.zaplotnik@gmail.com,Active,8/2/2022 16:33,8/26/2022 15:04,"NEXT MBA CEO,NEXT MBA — CMO"
priscila.liebano@gmail.com,priscila.liebano@gmail.com,Active,7/4/2022 13:13, ,NEXT MBA — CMO
priscillasetyawati@gmail.com,priscillasetyawati@gmail.com,Active,7/4/2022 13:47, ,NEXT MBA — CMO
priya@sproutingshoots.com,Priya@sproutingshoots.com,Active,8/29/2022 14:28, ,NEXT MBA — CMO
priyanka201@gmail.com,priyanka201@gmail.com,Active,8/11/2022 14:37, ,"NEXT MBA CEO,NEXT MBA — CMO"
priyankadinodiya@gmail.com,priyankadinodiya@gmail.com,Active,8/29/2022 11:46,9/6/2022 6:03,"NEXT MBA CEO,NEXT MBA — CMO"
promo@madcowtavern.net.au,promo@madcowtavern.net.au,Active,8/3/2022 9:42,8/4/2022 2:08,NEXT MBA — CMO
pronet.interactive@gmail.com,pronet.interactive@gmail.com,Active,8/17/2022 15:59,8/17/2022 18:08,"NEXT MBA CEO,NEXT MBA — CMO"
prosales@inusual.com,Pere Rosales,Active,8/18/2022 16:38,9/12/2022 12:43,NEXT MBA CEO
prosales@inusual.net,Prosales@inusual.net,Active,8/18/2022 17:26, ,NEXT MBA CEO
pruiz@atlasfinancialgroup.com,pruiz@atlasfinancialgroup.com,Active,8/20/2022 15:46, ,NEXT MBA — CMO
ptrevisan08@gmail.com,ptrevisan08@gmail.com,Active,8/24/2022 13:52, ,NEXT MBA — CMO
purchase.bettergroup@gmail.com,Purchase.bettergroup@gmail.com,Active,7/29/2022 11:39, ,NEXT MBA CEO
pushpit.666@gmail.com,pushpit.666@gmail.com,Active,8/30/2022 16:53,8/31/2022 18:04,NEXT MBA — CMO
putut.muljanto@pelindo.co.id,Putut.Muljanto@pelindo.co.id,Active,7/12/2022 14:24, ,NEXT MBA CEO
puyallupson@gmail.com,puyallupson@gmail.com,Active,8/15/2022 20:03, ,NEXT MBA CEO
pvmageswar@gmail.com,pvmageswar@gmail.com,Active,7/4/2022 12:43,8/13/2022 7:51,NEXT MBA — CMO
pwstr.nisa@gmail.com,Pwstr.nisa@gmail.com,Active,8/26/2022 15:19,8/29/2022 14:11,"NEXT MBA CEO,NEXT MBA — CMO"
pzboyadzhiev@gmail.com,pzboyadzhiev@gmail.com,Active,7/26/2022 12:19,7/26/2022 15:51,NEXT MBA CEO
qaadiro211@gimail.com,Cabdiqaadir Cabdilaahi,Active,11/23/2021 14:07, , 
qadarcumar6@gmail.com,Ubaxdagan,Active,11/19/2021 4:38, , 
qanyare02@hotmail.com,abdulahi shariid,Active,11/22/2021 7:46, , 
qasamqasam640@gmail.com,Qasam,Active,11/21/2021 20:07, , 
qendresamulaj@gmail.com,Qendresë,Active,8/2/2022 14:36,9/2/2022 10:31,NEXT MBA — CMO
queryus@gmail.com,Vikram Sharma,Active,7/10/2022 10:51,9/13/2022 19:02,"NEXT MBA CEO,NEXT MBA — CMO"
r.alkassim@oshco.com,r.alkassim@oshco.com,Active,8/23/2022 16:54,8/24/2022 10:12,NEXT MBA CEO
r.gionova@toto.bg,r.gionova@toto.bg,Active,8/15/2022 14:02, ,NEXT MBA CEO
r.malaquias@betclicgroup.com,r.malaquias@betclicgroup.com,Active,7/27/2022 14:55,9/12/2022 19:36,"NEXT MBA CEO,NEXT MBA — CMO"
r.varadrajan@gmail.com,r.varadrajan@gmail.com,Active,8/29/2022 14:23,9/10/2022 10:03,NEXT MBA — CMO
raajj.p@gmail.com,raajj.p@gmail.com,Active,7/27/2022 14:27, ,NEXT MBA CEO
rachel@22ndcenturyroofing.com,rachel@22ndcenturyroofing.com,Active,8/21/2022 10:32,8/22/2022 20:39,NEXT MBA — CMO
rachelzhang.co@gmail.com,Rachelzhang.co@gmail.com,Active,7/4/2022 13:16,7/24/2022 7:12,NEXT MBA — CMO
radhitya.saputra@pelindo.co.id,Radhitya.Saputra@pelindo.co.id,Active,7/12/2022 14:31, ,NEXT MBA CEO
rafaelmelo.mkt@gmail.com,rafaelmelo.mkt@gmail.com,Active,9/6/2022 14:47, ,NEXT MBA — CMO
rafaelzazueta@grupoperal.com,rafaelzazueta@grupoperal.com,Active,7/28/2022 19:13,7/28/2022 20:16,NEXT MBA CEO
rafaquintanilla@silanes.com.mx,rafaquintanilla@silanes.com.mx,Active,9/12/2022 1:16,9/13/2022 0:53,NEXT MBA — CMO
raffaella.lebano@libero.it,raffaella.lebano@libero.it,Active,8/16/2022 15:30,8/16/2022 19:42,"NEXT MBA CEO,NEXT MBA — CMO"
raficareem@gmail.com,raficareem@gmail.com,Active,9/12/2022 19:33, ,NEXT MBA — CMO
ragemohamudh@gmail.com,Rage mahamud hussein,Active,11/19/2021 2:52, , 
raghav.mundawala@staragriseeds.com,raghav.mundawala@staragriseeds.com,Active,8/12/2022 10:52,9/12/2022 12:02,NEXT MBA — CMO
raghuveerreddy_s@outlook.com,raghuveerreddy_s@outlook.com,Active,9/11/2022 14:05,9/11/2022 14:11,NEXT MBA — CMO
raheelmalik@me.com,raheelmalik@me.com,Active,8/23/2022 17:46,9/10/2022 20:30,NEXT MBA CEO
rahmamabid@gmail.com,rahmamabid@gmail.com,Active,8/28/2022 12:32,9/2/2022 15:31,NEXT MBA — CMO
rahul.vtc@gmail.com,rahul.vtc@gmail.com,Active,7/29/2022 11:43, ,"NEXT MBA CEO,NEXT MBA — CMO"
rahul@nextmba.online,Rahul Shinghal,Active,9/1/2022 19:22, ,NEXT MBA — CMO
raiderbits52@yahoo.com,raiderbits52@yahoo.com,Active,8/23/2022 14:54, ,NEXT MBA — CMO
rainer@liebscher.at,Rainer Liebscher,Active,8/2/2022 1:35,8/9/2022 13:25, 
rajanrana810@gmail.com,Rajan Rana,Active,6/25/2022 3:11,6/25/2022 3:13, 
rajesh.marwaha@indiaglycols.com,rajesh.marwaha@indiaglycols.com,Active,8/29/2022 19:15,8/30/2022 14:25,NEXT MBA CEO
rajesh.rf@gmail.com,Rajesh.rf@gmail.com,Active,7/27/2022 14:27,9/8/2022 14:23,NEXT MBA CEO
rajeshpramod@yahoo.com,Rajesh Pramod Patnuri,Active,6/30/2022 13:01,9/1/2022 23:18,NEXT MBA CEO
rajivkothari@gmail.com,rajivkothari@gmail.com,Active,7/4/2022 13:39, ,NEXT MBA — CMO
rajs@scgf.com.fj,rajs@scgf.com.fj,Active,9/5/2022 4:02, ,NEXT MBA — CMO
rakibcomputer024@gmail.com,rakib,Active,11/21/2021 19:54, , 
ralph.frost@shoefabrik.com,ralph.frost@shoefabrik.com,Active,7/22/2022 14:07, ,NEXT MBA CEO
raluca.avram@cmdnetwork.ro,raluca.avram@cmdnetwork.ro,Active,8/24/2022 11:24,9/11/2022 20:27,NEXT MBA — CMO
raluca.iorgulescu@high-level.ro,raluca.iorgulescu@high-level.ro,Active,8/31/2022 10:05,9/6/2022 13:10,NEXT MBA — CMO
raluca@medequipdepot.com,raluca@medequipdepot.com,Active,7/18/2022 11:54,7/23/2022 15:27,"NEXT MBA CEO,NEXT MBA — CMO"
rameshkumar@regencytrading.ae,Ramesh Kumar,Active,9/13/2022 15:59,9/14/2022 4:18,NEXT MBA — CMO
ramon_uy@gmail.com,ramon_uy@gmail.com,Active,7/29/2022 10:26, ,"NEXT MBA CEO,NEXT MBA — CMO"
ranjani.shanker@gmail.com,ranjani.shanker@gmail.com,Active,7/11/2022 13:12, ,NEXT MBA — CMO
ranjita.kanani@acg-world.com,Ranjita,Active,7/29/2022 6:22,7/29/2022 6:22, 
raphaelrlfreitas@gmail.com,raphaelrlfreitas@gmail.com,Active,9/9/2022 1:21,9/9/2022 10:18,NEXT MBA — CMO
raquel_valerio_@hotmail.com,raquel_valerio_@hotmail.com,Active,8/24/2022 12:37,8/24/2022 17:44,NEXT MBA — CMO
raquel_valerio@hotmail.com,raquel_valerio@hotmail.com,Active,8/23/2022 18:11, ,NEXT MBA — CMO
raquzipagan09@gmail.com,Raquzipagan09@gmail.com,Active,8/30/2022 3:26, ,NEXT MBA CEO
ratna.basant@cicsur.com,ratna.basant@cicsur.com,Active,9/13/2022 1:14,9/13/2022 12:54,NEXT MBA — CMO
raul.castaneda.a@gmail.com,raul.castaneda.a@gmail.com,Active,7/4/2022 13:01, ,NEXT MBA — CMO
raulisitorus.1504@gmail.com,rauli,Active,7/6/2022 10:17,7/6/2022 10:17, 
raunak.sharan01@gmail.com,raunak.sharan01@gmail.com,Active,8/28/2022 12:29, ,NEXT MBA — CMO
raunakjain09@gmail.com,raunakjain09@gmail.com,Active,8/5/2022 9:53,9/6/2022 18:25,"NEXT MBA CEO,NEXT MBA — CMO"
ravidprt@gmail.com,ravidprt@gmail.com,Active,8/11/2022 14:41,8/11/2022 15:58,"NEXT MBA CEO,NEXT MBA — CMO"
raxmocabdi122@gmail.com,Raxmo cabdi,Active,11/21/2021 21:22, , 
rayagva@gmail.com,rayagva@gmail.com,Active,7/25/2022 11:39,7/26/2022 10:06,"NEXT MBA CEO,NEXT MBA — CMO"
rayelai@gmail.com,rayelai@gmail.com,Active,8/31/2022 18:07,9/1/2022 10:26,"NEXT MBA CEO,NEXT MBA — CMO"
raymond.varilla@projectlifestylemanila.com,raymond.varilla@projectlifestylemanila.com,Active,7/4/2022 13:32, ,NEXT MBA — CMO
rbau86@gmail.com,Robert Baumann,Active,6/30/2022 12:19, ,NEXT MBA CEO
rclgalang86@gmail.com,rclgalang86@gmail.com,Active,7/25/2022 11:40, ,"NEXT MBA CEO,NEXT MBA — CMO"
rebeccatall@gmail.com,Rebecca,Active,8/11/2022 19:25,8/11/2022 19:25, 
regiabo@hotmail.com,regiabo@hotmail.com,Active,7/23/2022 14:12, ,NEXT MBA CEO
remcomarketing@outlook.com,Remco van Iersel,Active,7/16/2022 11:53,7/16/2022 11:56,"NEXT MBA CEO,NEXT MBA — CMO"
remus.lucut@gmail.com,remus.lucut@gmail.com,Active,7/28/2022 13:42,7/28/2022 16:13,NEXT MBA — CMO
renata.lazoroska@gmail.com,renata.lazoroska@gmail.com,Active,7/23/2022 10:47,7/23/2022 14:55,NEXT MBA CEO
renata.n@promprylad.ua,renata.n@promprylad.ua,Active,7/4/2022 13:00, ,NEXT MBA — CMO
rendra.krestyawan@pelindo.co.id,Rendra.Krestyawan@pelindo.co.id,Active,7/12/2022 14:25,7/20/2022 10:14,NEXT MBA CEO
rene@welgedachtproperties.co.za,rene@welgedachtproperties.co.za,Active,7/20/2022 14:12,7/20/2022 14:41,"NEXT MBA CEO,NEXT MBA — CMO"
renosh.kt@gmail.com,renosh.kt@gmail.com,Active,9/5/2022 3:49, ,NEXT MBA CEO
rescripting2@gmail.com,Daniel Taiwo,Active,11/18/2021 22:59, , 
retno_s@pelindo.co.id,retno_s@pelindo.co.id,Active,7/12/2022 14:32, ,NEXT MBA CEO
reuvenb@hotmail.com,reuvenb@hotmail.com,Active,7/4/2022 13:35, ,NEXT MBA — CMO
revza.yildirim@gmail.com,revza.yildirim@gmail.com,Active,7/6/2022 11:25, ,NEXT MBA — CMO
rforero87@gmail.com,rforero87@gmail.com,Active,8/1/2022 20:41,9/6/2022 4:10,NEXT MBA — CMO
rhmn95@gmail.com,rhmn95@gmail.com,Active,7/22/2022 15:18, ,NEXT MBA — CMO
riaz@thekingsgroup.in,Riaz@thekingsgroup.in,Active,7/4/2022 13:21, ,NEXT MBA — CMO
ribbana_143@yahoo.com,Larisa,Active,7/1/2022 19:52, ,"NEXT MBA CEO,NEXT MBA — CMO"
ricardo@iw.digital,Ricardo,Active,6/30/2022 22:37,9/7/2022 20:08,"NEXT MBA CEO,NEXT MBA — CMO"
richard@labontemusic.net,richard@labontemusic.net,Active,7/13/2022 12:54,7/13/2022 17:17,NEXT MBA — CMO
richardlangevin8@gmail.com,richardlangevin8@gmail.com,Active,8/10/2022 10:05,8/31/2022 4:52,NEXT MBA CEO
richcoupe@hotmail.com,richcoupe@hotmail.com,Active,9/14/2022 9:49, ,"NEXT MBA CEO,NEXT MBA — CMO"
richcoward@gmail.com,Richard Coward,Active,9/6/2022 11:56,9/6/2022 11:56, 
rick@dog-tooth.com,rick@dog-tooth.com,Active,7/23/2022 10:50,7/23/2022 11:41,"NEXT MBA CEO,NEXT MBA — CMO"
rick@leegroup.ventures,rick@leegroup.ventures,Active,8/12/2022 10:39,8/24/2022 4:29,"NEXT MBA CEO,NEXT MBA — CMO"
rickmaas747@gmail.com,Abdul Karim Bangura,Active,11/21/2021 2:38, , 
ricky.gavina@taskus.com,ricky.gavina@taskus.com,Active,8/8/2022 14:05, ,"NEXT MBA CEO,NEXT MBA — CMO"
rickybajen@ahoo.com,rickybajen@ahoo.com,Active,7/29/2022 11:08, ,"NEXT MBA CEO,NEXT MBA — CMO"
righi.marcello79@gmail.com,righi.marcello79@gmail.com,Active,7/12/2022 9:52,9/9/2022 18:10,"NEXT MBA CEO,NEXT MBA — CMO"
rijesh12@gmail.com,rijesh12@gmail.com,Active,7/4/2022 13:25,7/4/2022 15:15,NEXT MBA — CMO
rikiridwan8@gmail.com,Riki Ridwan,Active,12/10/2021 3:33,12/10/2021 5:38, 
rikmatta1@gmail.com,rikmatta1@gmail.com,Active,7/11/2022 15:08,9/11/2022 10:19,"NEXT MBA CEO,NEXT MBA — CMO"
rima.novianti@pelindo.co.id,rima.novianti@pelindo.co.id,Active,7/12/2022 14:27, ,NEXT MBA CEO
rina_petersen@hotmail.com,rina_petersen@hotmail.com,Active,8/18/2022 13:02,8/18/2022 16:49,"NEXT MBA CEO,NEXT MBA — CMO"
rinata.zhumabayeva@gmail.com,rinata.zhumabayeva@gmail.com,Active,7/21/2022 13:52,7/26/2022 15:39,NEXT MBA — CMO
ripaniculina1964@gmail.com,Niculina Ripa Ripa Niculina,Active,12/10/2021 12:46, , 
rishijiya786@gmail.com,Shiva,Active,6/24/2022 13:24,6/24/2022 13:28, 
rishisachar1@gmail.com,rishisachar1@gmail.com,Active,9/6/2022 3:35,9/10/2022 23:25,"NEXT MBA CEO,NEXT MBA — CMO"
ritesh.gajapersad@gmail.com,ritesh.gajapersad@gmail.com,Active,8/9/2022 15:51,8/21/2022 16:34,NEXT MBA CEO
riza.yudhatama@ptssb.co.id,riza.yudhatama@ptssb.co.id,Active,7/25/2022 11:34,7/27/2022 3:20,"NEXT MBA CEO,NEXT MBA — CMO"
rizk.stephanie@gmail.com,rizk.stephanie@gmail.com,Active,7/29/2022 12:18,9/1/2022 14:59,"NEXT MBA CEO,NEXT MBA — CMO"
rkprasad@commlabindia.com,rkprasad@commlabindia.com,Active,9/6/2022 15:45, ,NEXT MBA — CMO
rleonard@pelindo.co.id,rleonard@pelindo.co.id,Active,7/12/2022 14:32, ,NEXT MBA CEO
rob.heller@helleragency.com,rob.heller@helleragency.com,Active,8/16/2022 15:22,8/28/2022 6:34,"NEXT MBA CEO,NEXT MBA — CMO"
robert.168.op@gmail.com,robert.168.op@gmail.com,Active,7/8/2022 10:18, ,NEXT MBA — CMO
robert.cieslik@gmail.com,robert.cieslik@gmail.com,Active,7/25/2022 12:39,7/25/2022 15:24,"NEXT MBA CEO,NEXT MBA — CMO"
robert.methorst@gmail.com,Robert,Active,8/1/2022 15:03,8/29/2022 21:35,NEXT MBA — CMO
robert.wright@polyu.edu.hk,robert.wright@polyu.edu.hk,Active,8/31/2022 3:13,9/13/2022 6:28,NEXT MBA CEO
robrowne14@gmail.com,robrowne14@gmail.com,Active,8/5/2022 9:28,9/2/2022 0:06,NEXT MBA — CMO
rochefel@gmail.com,rochefel@gmail.com,Active,7/25/2022 11:39, ,"NEXT MBA CEO,NEXT MBA — CMO"
rocks.kotwani@gmail.com,rocks.kotwani@gmail.com,Active,9/8/2022 2:13, ,NEXT MBA — CMO
rodianne.cassar001@gmail.com,rodianne.cassar001@gmail.com,Active,7/4/2022 13:07, ,NEXT MBA — CMO
rodica.hurmuzache@moldtelecom.md,rodica.hurmuzache@moldtelecom.md,Active,9/12/2022 3:47, ,NEXT MBA — CMO
rodrigoc.conde@gmail.com,Rodrigoc.conde@gmail.com,Active,7/5/2022 15:50,8/10/2022 23:14,NEXT MBA CEO
roel@boeming.be,Roel Hermans,Active,6/30/2022 13:35,8/22/2022 13:48,NEXT MBA CEO
rogerbruno@hotmail.com,rogerbruno@hotmail.com,Active,8/25/2022 16:10,9/7/2022 6:30,NEXT MBA CEO
rohit.kc88@gmail.com,rohit.kc88@gmail.com,Active,8/11/2022 14:40,8/16/2022 6:29,"NEXT MBA CEO,NEXT MBA — CMO"
rohit@digikore.com,rohit@digikore.com,Active,8/1/2022 20:45, ,NEXT MBA CEO
roitenbergj@gmail.com,roitenbergj@gmail.com,Active,7/26/2022 11:51,9/10/2022 16:48,"NEXT MBA CEO,NEXT MBA — CMO"
rojaseugenia117@gmail.com,rojaseugenia117@gmail.com,Active,8/29/2022 11:12,9/3/2022 9:57,"NEXT MBA CEO,NEXT MBA — CMO"
rok.gulic@live.com,rok.gulic@live.com,Active,7/13/2022 12:02,7/17/2022 19:44,NEXT MBA — CMO
rok.lovsin@jungheinrich.si,rok.lovsin@jungheinrich.si,Active,8/17/2022 11:33, ,NEXT MBA CEO
rolf.schmid@bluemail.ch,Rolf Schmid,Active,8/20/2022 15:55,8/23/2022 7:31,NEXT MBA — CMO
romulocantor@gmail.com,romulocantor@gmail.com,Active,7/29/2022 11:10, ,"NEXT MBA CEO,NEXT MBA — CMO"
ron@rollin.video,Ron@rollin.video,Active,7/30/2022 19:48,8/5/2022 19:25,"NEXT MBA CEO,NEXT MBA — CMO"
ronald@globalapptesting.com,ronald@globalapptesting.com,Active,7/20/2022 10:58, ,"NEXT MBA CEO,NEXT MBA — CMO"
ronnyedecastro@hotmail.com,Ronnye C. Antunes,Active,7/4/2022 10:27,8/24/2022 15:17,"NEXT MBA CEO,NEXT MBA — CMO"
rosafilipesantos@gmail.com,rosafilipesantos@gmail.com,Active,8/16/2022 15:57, ,NEXT MBA — CMO
rosejusayan23@yahoo.com,rosejusayan23@yahoo.com,Active,8/25/2022 17:00,9/4/2022 22:31,"NEXT MBA CEO,NEXT MBA — CMO"
rosieleeduncan@hotmail.com,rosieleeduncan@hotmail.com,Active,7/20/2022 11:21,7/20/2022 13:15,"NEXT MBA CEO,NEXT MBA — CMO"
rossanaleyla@gmail.com,Rossana,Active,7/4/2022 14:37,8/2/2022 0:00,"NEXT MBA CEO,NEXT MBA — CMO"
roxana.briciag@gmail.com,roxana.briciag@gmail.com,Active,7/27/2022 13:10,9/5/2022 23:49,"NEXT MBA CEO,NEXT MBA — CMO"
roxana.dumitru@retail365.ro,Roxana Dumitru,Active,9/9/2022 16:12, ,NEXT MBA — CMO
royaleconect@gmail.com,royaleconect@gmail.com,Active,7/29/2022 11:27, ,"NEXT MBA CEO,NEXT MBA — CMO"
royv@ideomanos.com,royv@ideomanos.com,Active,8/10/2022 19:44,9/8/2022 3:43,"NEXT MBA CEO,NEXT MBA — CMO"
rozenberg.miro@gmail.com,rozenberg.miro@gmail.com,Active,8/19/2022 15:36,8/19/2022 17:27,NEXT MBA — CMO
rozitarich@gmail.com,rozitarich@gmail.com,Active,7/29/2022 11:05, ,"NEXT MBA CEO,NEXT MBA — CMO"
rphamglobal@gmail.com,Rphamglobal@gmail.com,Active,8/28/2022 12:34,8/29/2022 17:27,"NEXT MBA — CMO,NEXT MBA CEO"
rqcdechile@gmail.com,rqcdechile@gmail.com,Active,7/20/2022 11:18,7/20/2022 16:52,"NEXT MBA CEO,NEXT MBA — CMO"
rsilva@lithium.com.uy,Rodrigo Silva,Active,7/16/2022 15:02,7/25/2022 18:01, 
ruddaga@gmail.com,ruddaga@gmail.com,Active,8/16/2022 14:37,8/27/2022 1:03,NEXT MBA — CMO
rudi.herdiyantoro@pelindo.co.id,Rudi.Herdiyantoro@pelindo.co.id,Active,7/12/2022 14:25, ,NEXT MBA CEO
rudyrootsoi@gmail.com,rudyrootsoi@gmail.com,Active,7/29/2022 11:43, ,NEXT MBA CEO
rukhaire@gmail.com,rukhaire@gmail.com,Active,8/16/2022 13:34, ,"NEXT MBA CEO,NEXT MBA — CMO"
ruly01@gmail.com,Ruly Soewignjo,Active,6/30/2022 12:33, ,"NEXT MBA CEO,NEXT MBA — CMO"
rune.sundland@airborne.as,rune.sundland@airborne.as,Active,8/8/2022 14:07,8/8/2022 16:02,"NEXT MBA CEO,NEXT MBA — CMO"
rune.sundland@gmail.com,rune.sundland@gmail.com,Active,8/4/2022 17:15,8/8/2022 15:53,"NEXT MBA CEO,NEXT MBA — CMO"
rupa.magdy@gmail.com,rupa.magdy@gmail.com,Active,7/27/2022 14:27, ,NEXT MBA CEO
ruri@multiterminal.co.id,ruri@multiterminal.co.id,Active,7/12/2022 14:35,9/2/2022 6:09,NEXT MBA CEO
rusoup@gmail.com,rusoup@gmail.com,Active,8/16/2022 9:38,9/14/2022 11:36,"NEXT MBA CEO,NEXT MBA — CMO"
ryan.hoodjeropi@johnsonfit.com,Ryan.hoodjeropi@johnsonfit.com,Active,9/1/2022 9:20, ,NEXT MBA — CMO
ryan.lee@jbcom.ca,Ryan,Active,7/24/2022 18:34,7/27/2022 21:07, 
ryan@bravelittlebeast.com,ryan@bravelittlebeast.com,Active,8/23/2022 13:50,8/24/2022 21:29,NEXT MBA — CMO
rzayev.fuad@gmail.com,rzayev.fuad@gmail.com,Active,8/17/2022 11:29,8/18/2022 14:50,NEXT MBA CEO
s.baier@re7consulting.com,s.baier@re7consulting.com,Active,8/25/2022 16:55,8/27/2022 10:32,NEXT MBA CEO
s.selmer@stephanieselmer.com,Stephanie Selmer,Active,6/30/2022 13:30, ,"NEXT MBA CEO,NEXT MBA — CMO"
s.tkaczyk@poczta.fm,s.tkaczyk@poczta.fm,Active,8/12/2022 12:20,8/12/2022 12:30,NEXT MBA CEO
s.zaabri@gmail.com,Sufian Zaabri,Active,7/11/2022 11:00,8/31/2022 0:01,"NEXT MBA CEO,NEXT MBA — CMO"
sabbywabby105@gmail.com,sabbywabby105@gmail.com,Active,7/11/2022 11:27,8/11/2022 5:56,"NEXT MBA — CMO,NEXT MBA CEO"
sabina.varga@gmail.com,Sabina,Active,7/1/2022 14:35,7/23/2022 11:43,"NEXT MBA CEO,NEXT MBA — CMO"
sabrinatdw@gmail.com,sabrinatdw@gmail.com,Active,7/29/2022 11:10,9/5/2022 15:42,"NEXT MBA CEO,NEXT MBA — CMO"
sacadmaxamud636@gmail.com,SACAD HAJI MAXAMUD,Active,11/21/2021 18:48, , 
sachinmehra@gmail.com,sachinmehra@gmail.com,Active,7/18/2022 13:19,8/27/2022 20:44,"NEXT MBA CEO,NEXT MBA — CMO"
saciidiiker4@gmail.com,saciid iiker,Active,11/20/2021 15:02, , 
sada@sdfsdf.rr,asdasd,Active,12/3/2021 12:29, , 
sadamahamad95@gmail.com,Sadam ahamad,Active,11/18/2021 23:29, , 
safasicid2020@gmail.com,Safa,Active,11/21/2021 15:29, , 
sagarchandni@gmail.com,sagarchandni@gmail.com,Active,8/4/2022 10:40,8/16/2022 11:23,"NEXT MBA CEO,NEXT MBA — CMO"
saidsomali143@gmail.com,Said Somali,Active,11/18/2021 17:54, , 
sakhikeswani@gmail.com,Sakhi Mulani,Active,7/2/2022 8:45,8/19/2022 17:57,"NEXT MBA CEO,NEXT MBA — CMO"
saleem.khaleel162@gmail.com,saleem.khaleel162@gmail.com,Active,8/9/2022 14:56,8/14/2022 0:13,NEXT MBA — CMO
sales@vonski.com.au,Sales@vonski.com.au,Active,8/30/2022 5:08, ,NEXT MBA — CMO
salgarcia@silanes.com.mx,salgarcia@silanes.com.mx,Active,9/12/2022 1:16, ,NEXT MBA — CMO
sallymolina@gmail.com,sallymolina@gmail.com,Active,7/4/2022 13:13,7/23/2022 14:04,NEXT MBA — CMO
sameh20121976@gmail.com,sameh20121976@gmail.com,Active,7/29/2022 11:39, ,NEXT MBA CEO
sami.lehmus@eeco.fi,sami.lehmus@eeco.fi,Active,7/4/2022 13:23, ,NEXT MBA — CMO
samidha.singh@taskus.com,samidha.singh@taskus.com,Active,8/8/2022 14:04,8/20/2022 14:58,"NEXT MBA CEO,NEXT MBA — CMO"
sampath@bluetiger.in,sampath@bluetiger.in,Active,8/11/2022 12:32, ,"NEXT MBA CEO,NEXT MBA — CMO"
samshols@gmail.com,Olawale Samson Sholademi,Active,6/30/2022 12:24, ,"NEXT MBA CEO,NEXT MBA — CMO"
samuel.stehlik@gmail.com,Samuel.stehlik@gmail.com,Active,7/4/2022 13:04,9/7/2022 14:21,NEXT MBA — CMO
samuel16july@gmail.com,,Active,7/4/2022 10:26, ,"NEXT MBA CEO,NEXT MBA — CMO"
sandhya.babu@gmail.com,Sandhya.babu@gmail.com,Active,7/16/2022 13:39, ,"NEXT MBA CEO,NEXT MBA — CMO"
sandra.mikus@yahoo.com,Sandra.mikus@yahoo.com,Active,7/7/2022 17:20, ,"NEXT MBA CEO,NEXT MBA — CMO"
sandra@dannfeld.de,sandra@dannfeld.de,Active,8/21/2022 10:25,8/25/2022 21:50,NEXT MBA — CMO
sandra@schevenels.net,sandra@schevenels.net,Active,7/23/2022 13:23,7/23/2022 14:05,"NEXT MBA CEO,NEXT MBA — CMO"
sandradalves@gmail.com,sandradalves@gmail.com,Active,8/23/2022 18:24, ,NEXT MBA — CMO
sandramourra@hotmail.com,sandramourra@hotmail.com,Active,7/13/2022 12:09,9/12/2022 2:09,"NEXT MBA CEO,NEXT MBA — CMO"
sandrinatolj@gmx.de,sandrinatolj@gmx.de,Active,8/4/2022 17:24, ,"NEXT MBA CEO,NEXT MBA — CMO"
saneback@gmail.com,Sïmon Saneback,Active,6/30/2022 13:22,7/1/2022 15:03,"NEXT MBA CEO,NEXT MBA — CMO"
sanek-verni-baks@mne-na-kartu.blyat,jesus,Active,11/26/2021 12:46, , 
sanja.pesic@almaquattro.rs,Pesic Sanja,Active,12/11/2021 12:53, , 
sanjay2611.nd@gmail.com,Sanjay Manocha,Active,9/6/2022 12:56,9/6/2022 13:03,NEXT MBA — CMO
sanson.v@mwddb.com,sanson.v@mwddb.com,Active,7/18/2022 16:39, ,NEXT MBA — CMO
santa.magure@gmail.com,santa.magure@gmail.com,Active,7/9/2022 15:06,7/16/2022 18:17,"NEXT MBA CEO,NEXT MBA — CMO"
santhanam1970vlr@gmail.com,santhanam1970vlr@gmail.com,Active,8/11/2022 14:41, ,"NEXT MBA CEO,NEXT MBA — CMO"
sanzciz@gmail.com,sanzciz@gmail.com,Active,8/1/2022 20:46,9/1/2022 14:25,"NEXT MBA CEO,NEXT MBA — CMO"
saokaung@gmail.com,SAO KAUNG MYAT NAING,Active,8/28/2022 18:06,8/28/2022 18:07, 
sapelliluis@gmail.com,sapelliluis@gmail.com,Active,7/21/2022 11:07,9/8/2022 22:39,"NEXT MBA CEO,NEXT MBA — CMO"
sara@shunkhlaigroup.mn,Sara,Active,9/12/2022 10:08, ,NEXT MBA — CMO
sarshadali618@gmail.com,SYED ARSHAD ALI,Active,12/9/2021 14:41, , 
sasmitaafni@gmail.com,Ai Sasmita,Active,7/3/2022 12:28,8/30/2022 17:09,"NEXT MBA CEO,NEXT MBA — CMO"
sava.lukic@finexpertiza.rs,sava.lukic@finexpertiza.rs,Active,8/25/2022 16:12,8/26/2022 12:45,NEXT MBA CEO
savila.pamp@gmail.com,savila.pamp@gmail.com,Active,8/23/2022 11:52,8/23/2022 11:58,"NEXT MBA CEO,NEXT MBA — CMO"
sawanjagnarain@yahoo.com,sawanjagnarain@yahoo.com,Active,7/29/2022 11:17, ,"NEXT MBA CEO,NEXT MBA — CMO"
sayas4alvarez@gmail.com,sayas4alvarez@gmail.com,Active,7/29/2022 11:42, ,NEXT MBA CEO
sbrizay@crb.ca,sbrizay@crb.ca,Active,8/19/2022 12:38,9/2/2022 22:14,NEXT MBA — CMO
sburgess@burgex.com,sburgess@burgex.com,Active,8/22/2022 19:26,8/22/2022 22:41,NEXT MBA — CMO
scaldwell@pillarrealestateadvisors.com,scaldwell@pillarrealestateadvisors.com,Active,7/11/2022 15:20,8/23/2022 17:14,NEXT MBA — CMO
scb.int.inc@gmail.com,Scb.int.inc@gmail.com,Active,7/4/2022 14:37, ,"NEXT MBA CEO,NEXT MBA — CMO"
schwarkamy@gmail.com,schwarkamy@gmail.com,Active,8/28/2022 12:28,9/6/2022 5:06,NEXT MBA — CMO
sdemicheli@ubixy.eu,Stéphane Demicheli,Active,6/30/2022 13:05, ,"NEXT MBA CEO,NEXT MBA — CMO"
sdfd@mai.ru,fdvd,Active,2/14/2022 19:49, , 
sean@tcccanada.com,sean@tcccanada.com,Active,8/19/2022 11:50, ,"NEXT MBA CEO,NEXT MBA — CMO"
sebastian.kakazu@gmail.com,sebastian.kakazu@gmail.com,Active,7/7/2022 17:17,8/18/2022 16:19,NEXT MBA CEO
sebastian.rose@mailbox.org,sebastian.rose@mailbox.org,Active,7/23/2022 14:39,7/23/2022 15:13,"NEXT MBA CEO,NEXT MBA — CMO"
sebastiancordovah@gmail.com,sebastiancordovah@gmail.com,Active,8/11/2022 14:50,8/11/2022 16:02,"NEXT MBA CEO,NEXT MBA — CMO"
sebastien.lambotte@gmail.com,sebastien.lambotte@gmail.com,Active,7/4/2022 15:46,7/5/2022 12:47,NEXT MBA CEO
sebastien@talk2u.lu,Sébastien Lambotte,Active,7/4/2022 15:01,7/4/2022 15:54,"NEXT MBA CEO,NEXT MBA — CMO"
seifertderya@gmail.com,seifertderya@gmail.com,Active,8/29/2022 13:56,9/1/2022 18:33,NEXT MBA — CMO
selby@anr.in,selby@anr.in,Active,9/12/2022 14:21,9/12/2022 18:59,NEXT MBA — CMO
selinnuysal@gmail.com,selinnuysal@gmail.com,Active,9/1/2022 4:44,9/6/2022 17:47,NEXT MBA CEO
semi82@gmail.com,Semi Kim,Active,11/18/2021 13:18,11/20/2021 14:54,NEXT MBA CEO
seredkina.marina@gmail.com,seredkina.marina@gmail.com,Active,9/1/2022 3:40,9/4/2022 17:04,NEXT MBA — CMO
sergey.i@knowledgecity.com,sergey.i@knowledgecity.com,Active,7/6/2022 11:21,8/17/2022 16:31,NEXT MBA CEO
sergiogoldstein2006@gmail.com,Sergio Goldstein,Active,11/20/2021 21:45, ,NEXT MBA CEO
serhatguzel@outlook.com,serhatguzel@outlook.com,Active,8/22/2022 19:25,8/31/2022 11:31,NEXT MBA CEO
servicelaurel1@gmail.com,servicelaurel1@gmail.com,Active,9/11/2022 13:58,9/11/2022 14:05,"NEXT MBA — CMO,NEXT MBA CEO"
seth_karan@hotmail.com,seth_karan@hotmail.com,Active,8/25/2022 14:25, ,NEXT MBA — CMO
sfaqeeh@gmail.com,sfaqeeh@gmail.com,Active,7/29/2022 10:35, ,"NEXT MBA CEO,NEXT MBA — CMO"
sfsiagian@pelindo.co.id,sfsiagian@pelindo.co.id,Active,7/12/2022 14:35, ,NEXT MBA CEO
sgarces.uio@gmail.com,sgarces.uio@gmail.com,Active,8/29/2022 19:31, ,NEXT MBA CEO
shaan.basu@gmail.com,Sahana Basu,Active,11/21/2021 9:28,11/29/2021 8:47,NEXT MBA CEO
shadisiam@gmail.com,shadisiam@gmail.com,Active,9/8/2022 2:04, ,"NEXT MBA CEO,NEXT MBA — CMO"
shah@sterlinginternationalgroup.com,Md Shahjalal Shahjalal,Active,11/22/2021 20:20, , 
shahadat26k@gmail.com,MD Shahadat,Active,11/21/2021 16:49, , 
shaharyarhy1@gmail.com,shaharyarhy1@gmail.com,Active,7/4/2022 13:26, ,NEXT MBA — CMO
shahinshake1397@gmail.com,Shahin,Active,11/21/2021 18:39,11/21/2021 18:56, 
shahrozkhan158@gmail.comy,Abid M.Abid,Active,12/7/2021 23:50, , 
shahzadafzal481@gmail.com,Shahzadafzal afzal,Active,12/7/2021 7:19, , 
shaike@gmail.com,shaike@gmail.com,Active,8/17/2022 16:40,8/22/2022 10:33,NEXT MBA CEO
shalva.omanadze@gmail.com,shalva.omanadze@gmail.com,Active,8/15/2022 16:34,9/13/2022 22:31,NEXT MBA CEO
shane2mun@vimigoapp.com,Shane Mun,Active,9/8/2022 18:30, ,NEXT MBA — CMO
shannon@dtglassinc.com,shannon@dtglassinc.com,Active,8/3/2022 23:57, ,NEXT MBA — CMO
shannonrbarnett@gmail.com,shannonrbarnett@gmail.com,Active,9/1/2022 5:08,9/1/2022 9:31,NEXT MBA — CMO
sharifgseng@gmail.com,MD.Sharif miah,Active,11/22/2021 23:45, , 
shariflasstic2@gmail.com,SHARIF Eshag,Active,12/9/2021 15:08, , 
sharipashvilin@gmail.com,Nino Sharipashvili,Active,8/31/2022 16:58,9/6/2022 9:26,NEXT MBA — CMO
sharma_jahanvi@ymail.com,Jahanvi,Active,7/15/2022 21:01,7/29/2022 10:04,"NEXT MBA CEO,NEXT MBA — CMO"
sharmaake_dalmar@outlook.com,Axmed faysal warmahaye,Active,11/21/2021 19:38, , 
sharon.antonio@taskus.com,Sharon Antonio,Active,8/8/2022 13:59,8/25/2022 6:10,"NEXT MBA CEO,NEXT MBA — CMO"
shaun@smudge.co.za,shaun@smudge.co.za,Active,7/18/2022 13:21,9/12/2022 20:16,"NEXT MBA CEO,NEXT MBA — CMO"
shaunvmarshall@gmail.com,LaShaun Marshall,Active,12/9/2021 6:05,2/24/2022 8:19,NEXT MBA CEO
shazeen.dhanji@gmail.com,Shazeen  Dhanji,Active,9/12/2022 9:56, ,NEXT MBA — CMO
sheareenn@foundationauto.com,sheareenn@foundationauto.com,Active,8/21/2022 10:30, ,NEXT MBA — CMO
shelestovama@yandex.ru,shelestovama@yandex.ru,Active,8/12/2022 11:06,8/30/2022 14:17,NEXT MBA — CMO
sherlane.fortunado@gmail.com,sherlane.fortunado@gmail.com,Active,7/25/2022 11:39,7/25/2022 13:31,"NEXT MBA CEO,NEXT MBA — CMO"
sherylinei@hotmail.com,sherylinei@hotmail.com,Active,9/12/2022 14:26, ,NEXT MBA — CMO
shijopaul@gmail.com,shijopaul@gmail.com,Active,8/11/2022 14:39, ,"NEXT MBA CEO,NEXT MBA — CMO"
shiphrah.deane@gmail.com,shiphrah.deane@gmail.com,Active,7/22/2022 14:12,7/23/2022 21:53,"NEXT MBA CEO,NEXT MBA — CMO"
shiraswenas@gmail.com,shiraswenas@gmail.com,Active,7/13/2022 10:33, ,NEXT MBA — CMO
shireen.basgir@gmail.com,shireen.basgir@gmail.com,Active,8/25/2022 13:23, ,NEXT MBA CEO
shonell@diquery.com,shonell@diquery.com,Active,7/4/2022 13:25, ,NEXT MBA — CMO
shoonoiganbaatar58@gmail.com,Ganbaatar,Active,12/8/2021 6:02, , 
shop@sanjeethshetty.com,Sanjeeth Shetty,Active,12/15/2021 4:42, , 
shopping@stevenarodriguez.com,Steven Rodriguez,Active,6/30/2022 13:29, ,"NEXT MBA CEO,NEXT MBA — CMO"
shorshhasan@gmail.com,shorshhasan@gmail.com,Active,7/29/2022 11:17, ,"NEXT MBA CEO,NEXT MBA — CMO"
shoumikm@gmail.com,Shoumik Maiti,Active,6/30/2022 13:33,7/25/2022 11:46,"NEXT MBA CEO,NEXT MBA — CMO"
shrinivas.dusi@indiaglycols.com,shrinivas.dusi@indiaglycols.com,Active,7/18/2022 14:47, ,"NEXT MBA CEO,NEXT MBA — CMO"
shrutika@anr.in,Shrutika Dugade,Active,9/12/2022 15:31, ,NEXT MBA — CMO
shubashsaif@gmail.com,Shubashdas,Active,11/21/2021 17:20, , 
shucaybibrahin37@gmail.com,Maxamuud,Active,11/22/2021 5:40, , 
shujjat.q@gmail.com,Shujjat.q@gmail.com,Active,8/23/2022 12:07,8/23/2022 13:07,NEXT MBA CEO
shusko@gmail.com,shusko@gmail.com,Active,8/4/2022 16:38,8/4/2022 16:40,"NEXT MBA CEO,NEXT MBA — CMO"
shyamal@diquery.com,Shyamal,Active,6/28/2022 15:51,6/28/2022 15:52, 
siciidcarabshiiqdoon@gmail.com,mohamed,Active,11/22/2021 11:11, , 
siegertdental@gmail.com,siegertdental@gmail.com,Active,8/31/2022 3:47,8/31/2022 20:44,NEXT MBA CEO
sigrid.kupenko@gmail.com,Sigrid,Active,7/14/2022 13:10,9/14/2022 12:04,"NEXT MBA CEO,NEXT MBA — CMO"
siham.sheikh@onedge.co,siham.sheikh@onedge.co,Active,9/9/2022 2:28,9/13/2022 17:41,NEXT MBA — CMO
siidaansiidaan063@gmail.com,Caamir,Active,11/20/2021 5:19, , 
siljebrandsoy@gmail.com,siljebrandsoy@gmail.com,Active,8/20/2022 15:46,9/5/2022 19:44,NEXT MBA — CMO
silva.jcb@outlook.com,João Carlos B Silva,Active,7/7/2022 19:12,7/22/2022 15:03, 
simona.wirth@bruggcables.com,Simona Wirth,Active,7/8/2022 8:50, , 
simonesleeuw@gmail.com,simonesleeuw@gmail.com,Active,8/25/2022 12:27,9/4/2022 19:37,NEXT MBA CEO
simonnicholls@mac.com,simonnicholls@mac.com,Active,8/27/2022 15:37,8/28/2022 0:18,NEXT MBA — CMO
simweifang@gmail.com,Simweifang@gmail.com,Active,7/4/2022 13:18, ,NEXT MBA — CMO
sintija.segleniece@mapon.com,Sintija,Active,6/30/2022 22:36,7/7/2022 15:25,"NEXT MBA CEO,NEXT MBA — CMO"
sivaincalicut@gmail.com,SIVAPRASAD KOVILAKATH,Active,11/19/2021 23:05, , 
siyaadxuseenmacalin@gmail.com,Siyaadxusen,Active,11/22/2021 8:06, , 
sjmarcel@gmail.com,Marcel Souza,Active,6/30/2022 13:07, ,"NEXT MBA CEO,NEXT MBA — CMO"
skabir@agni.com,skabir@agni.com,Active,9/6/2022 20:28,9/10/2022 18:23,"NEXT MBA CEO,NEXT MBA — CMO"
skarul@oskarwegner.pl,skarul@oskarwegner.pl,Active,8/1/2022 20:39,8/29/2022 17:30,"NEXT MBA CEO,NEXT MBA — CMO"
skuwatly@gmail.com,skuwatly@gmail.com,Active,7/4/2022 13:23, ,NEXT MBA — CMO
slavaukr@mail.ru,slavaukr@mail.ru,Active,7/29/2022 11:15, ,"NEXT MBA CEO,NEXT MBA — CMO"
slmtfd@gmail.com,Peter Kolomiets,Active,8/20/2022 17:55,8/29/2022 14:36, 
smolnikov_yriy@rambler.ru,Юрий,Active,7/16/2022 11:50,7/16/2022 11:55,"NEXT MBA CEO,NEXT MBA — CMO"
smorin@coveo.com,smorin@coveo.com,Active,8/23/2022 14:06, ,NEXT MBA — CMO
smrthnds@gmail.com,smrthnds@gmail.com,Active,7/18/2022 11:58, ,"NEXT MBA CEO,NEXT MBA — CMO"
snehal.kolhekar@gmail.com,snehal.kolhekar@gmail.com,Active,8/22/2022 18:15, ,NEXT MBA CEO
sofia.ati@hotmail.com,sofia.ati@hotmail.com,Active,7/4/2022 13:38, ,NEXT MBA — CMO
sofia.pinheiro@leadconsulting.be,Sofia.Pinheiro@leadconsulting.be,Active,8/18/2022 10:14,9/11/2022 17:04,NEXT MBA CEO
sofia@kiwano.marketing,sofia@kiwano.marketing,Active,7/4/2022 13:25, ,NEXT MBA — CMO
sokpala@deepdiveresearch.com,Stella Okpala,Active,11/18/2021 15:25,11/19/2021 15:35,NEXT MBA CEO
solen@andaburada.com,Solen,Active,7/18/2022 21:57,7/22/2022 10:22,"NEXT MBA CEO,NEXT MBA — CMO"
solution.eco@gmail.com,Guillaume,Active,9/8/2022 17:14,9/8/2022 17:17,NEXT MBA CEO
somanshu@gmail.com,Somanshu Kalra,Active,6/30/2022 23:29,8/17/2022 23:18,"NEXT MBA CEO,NEXT MBA — CMO"
sonam.mahadev@bbdo.de,Sonam.mahadev@bbdo.de,Active,8/26/2022 15:17,8/26/2022 17:22,NEXT MBA — CMO
sophietlamm@gmail.com,sophietlamm@gmail.com,Active,8/21/2022 10:28,9/5/2022 10:54,NEXT MBA — CMO
sorbunly1979kh@yahoo.com,sorbunly1979kh@yahoo.com,Active,7/29/2022 11:37, ,NEXT MBA CEO
souheilalihassan@gmail.com,Souheil Ali Hassan,Active,6/30/2022 12:20,7/25/2022 9:38,NEXT MBA CEO
soukainamartin@gmail.com,soukainamartin@gmail.com,Active,7/4/2022 13:26, ,NEXT MBA — CMO
sowmya310@gmail.com,sowmya310@gmail.com,Active,7/4/2022 13:29,9/14/2022 11:36,NEXT MBA — CMO
soyricardomacias@gmail.com,soyricardomacias@gmail.com,Active,8/14/2022 22:07, ,NEXT MBA — CMO
speed4performance@gmail.com,speed4performance@gmail.com,Active,8/31/2022 3:28,9/13/2022 17:14,NEXT MBA — CMO
srajank7@gmail.com,srajank7@gmail.com,Active,7/13/2022 11:52,7/13/2022 12:21,NEXT MBA — CMO
sraju@shravas.com,sraju@shravas.com,Active,7/27/2022 14:28,7/28/2022 11:57,NEXT MBA CEO
srdjan.jovanovic@htecgroup.com,srdjan.jovanovic@htecgroup.com,Active,9/1/2022 17:45,9/6/2022 18:35,NEXT MBA CEO
sri.meenak@gmail.com,sri.meenak@gmail.com,Active,8/11/2022 14:37, ,"NEXT MBA CEO,NEXT MBA — CMO"
srigney@alpine4.com,srigney@alpine4.com,Active,8/27/2022 15:37,9/12/2022 20:44,"NEXT MBA CEO,NEXT MBA — CMO"
srinidhics@gmail.com,srinidhics@gmail.com,Active,7/27/2022 14:28, ,NEXT MBA CEO
srny2010@gmail.com,srny2010@gmail.com,Active,8/19/2022 12:57,8/31/2022 18:53,NEXT MBA CEO
sseema365@yahoo.com,SSeema,Active,9/8/2022 14:10,9/9/2022 15:23,NEXT MBA — CMO
sshort@ngcfddt.org,sshort@ngcfddt.org,Active,8/19/2022 13:09, ,NEXT MBA — CMO
ssperber@ufm.edu,ssperber@ufm.edu,Active,7/15/2022 13:46,9/13/2022 19:33,"NEXT MBA CEO,NEXT MBA — CMO"
sss@sss.sss,sss,Active,9/8/2022 18:23,9/8/2022 18:23, 
staafiboh@gmail.com,Laampe,Active,11/21/2021 13:28, , 
stacey.newell@me.com,stacey.newell@me.com,Active,8/29/2022 14:49, ,NEXT MBA CEO
stacey@johnwentworthgroup.com,,Active,7/4/2022 12:38, ,NEXT MBA — CMO
stanislav.kim@live.com,stanislav.kim@live.com,Active,7/21/2022 14:00,7/21/2022 14:10,"NEXT MBA CEO,NEXT MBA — CMO"
stavila.inna@publicis.md,Inna Stavila,Active,7/3/2022 12:33,8/2/2022 12:04,"NEXT MBA CEO,NEXT MBA — CMO"
stefanie.eller@gmx.de,stefanie.eller@gmx.de,Active,8/24/2022 12:26, ,NEXT MBA — CMO
stela.nery@gmail.com,stela.nery@gmail.com,Active,7/23/2022 15:40,9/12/2022 2:26,"NEXT MBA CEO,NEXT MBA — CMO"
stepanisk@gmail.com,stepanisk@gmail.com,Active,8/23/2022 16:53,8/25/2022 23:15,"NEXT MBA CEO,NEXT MBA — CMO"
stephen@shoefabrik.com,stephen@shoefabrik.com,Active,7/22/2022 14:08, ,NEXT MBA CEO
steven@craftplusmotion.com,steven@craftplusmotion.com,Active,8/28/2022 12:25, ,"NEXT MBA — CMO,NEXT MBA CEO"
stickman@shaw.ca,stickman@shaw.ca,Active,7/4/2022 13:25,7/22/2022 22:42,NEXT MBA — CMO
stigsolberg@me.com,stigsolberg@me.com,Active,7/7/2022 20:53,7/16/2022 12:12,NEXT MBA — CMO
stinefolden@icloud.com,stinefolden@icloud.com,Active,8/16/2022 15:11,8/16/2022 15:51,"NEXT MBA CEO,NEXT MBA — CMO"
subaes@gmail.com,Mario Sargeant,Active,7/13/2022 0:08,7/25/2022 17:37,"NEXT MBA CEO,NEXT MBA — CMO"
successwithpksoh@gmail.com,successwithpksoh@gmail.com,Active,8/25/2022 16:15,8/25/2022 16:31,"NEXT MBA CEO,NEXT MBA — CMO"
sudeshb@giscadlimited.com,sudeshb@giscadlimited.com,Active,8/20/2022 15:59, ,NEXT MBA — CMO
sudh.hrg@gmail.com,sudh.hrg@gmail.com,Active,7/27/2022 14:28, ,NEXT MBA CEO
sudhirvkumar@gmail.com,sudhirvkumar@gmail.com,Active,8/29/2022 18:33,8/29/2022 18:43,NEXT MBA — CMO
sue@suestyles.com,sue@suestyles.com,Active,8/17/2022 11:12, ,"NEXT MBA CEO,NEXT MBA — CMO"
suhasinikaushik@gmail.com,Suhasinikaushik@gmail.com,Active,8/11/2022 14:38, ,"NEXT MBA CEO,NEXT MBA — CMO"
suherman.aditya@gmail.com,aditya suherman,Active,9/1/2022 17:48,9/1/2022 17:48, 
sullivanpauljohn@gmail.com,sullivanpauljohn@gmail.com,Active,8/2/2022 13:43,9/10/2022 20:49,"NEXT MBA CEO,NEXT MBA — CMO"
summerla81@gmail.com,Lafleur Summer,Active,12/12/2021 14:40, ,"NEXT MBA CEO,NEXT MBA — CMO"
sundar.k.vel@gmail.com,Sundaresan Kumaravel,Active,7/16/2022 20:04,8/13/2022 14:11, 
sundar@medaltius.com,,Active,8/2/2022 17:22, ,"NEXT MBA CEO,NEXT MBA — CMO"
sunny.mohammed@ddbwestafrica.com,sunny.mohammed@ddbwestafrica.com,Active,7/18/2022 16:36, ,NEXT MBA — CMO
sunnyworldclass@gmail.com,Sunday Mohammed,Active,8/7/2022 23:59,8/8/2022 0:01, 
sunoltenius@gmail.com,Susanne Noltenius,Active,6/30/2022 13:02,8/20/2022 15:42,NEXT MBA CEO
suran.periyapperuma@omegaline.org,Suran.Periyapperuma@omegaline.org,Active,7/29/2022 11:38, ,NEXT MBA CEO
suratiwin7@gmail.com,suratiwin7@gmail.com,Active,7/4/2022 13:24, ,NEXT MBA — CMO
surjadarma@gmail.com,surjadarma@gmail.com,Active,7/15/2022 13:37,7/16/2022 15:03,"NEXT MBA CEO,NEXT MBA — CMO"
surwitch@gmail.com,surwitch@gmail.com,Active,7/4/2022 13:23, ,NEXT MBA — CMO
susana.alonso@gmail.com,susana.alonso@gmail.com,Active,7/11/2022 14:14, ,"NEXT MBA — CMO,NEXT MBA CEO"
susanalomax@yahoo.com,Susan,Active,7/23/2022 11:56,7/23/2022 11:56, 
susanna5227@gmail.com,Susanna,Active,9/12/2022 9:58, ,"NEXT MBA CEO,NEXT MBA — CMO"
sushantshhah@gmail.com,sushantshhah@gmail.com,Active,8/30/2022 3:24,9/9/2022 18:46,"NEXT MBA — CMO,NEXT MBA CEO"
suvimahar@gmail.com,suvimahar@gmail.com,Active,7/27/2022 12:54,7/27/2022 18:43,"NEXT MBA CEO,NEXT MBA — CMO"
suwilanji.ngambi@icloud.com,Suwilanji Ng'ambi,Active,8/3/2022 17:17,8/3/2022 17:22,"NEXT MBA CEO,NEXT MBA — CMO"
sv.sc@tecurat.de,Sven Schaumann,Active,6/30/2022 13:07, ,"NEXT MBA CEO,NEXT MBA — CMO"
svetla.linkova@tumba.solutions,svetla.linkova@tumba.solutions,Active,7/20/2022 11:26,8/22/2022 16:52,"NEXT MBA CEO,NEXT MBA — CMO"
svhuyian@gmail.com,Mf Saddam Ahmed Bhuiyan,Active,11/20/2021 22:35, , 
svieto@vypasesores.com,svieto@vypasesores.com,Active,8/28/2022 12:24,9/5/2022 1:16,NEXT MBA CEO
svrn.sorina@gmail.com,svrn.sorina@gmail.com,Active,7/4/2022 13:39,7/23/2022 22:49,NEXT MBA — CMO
syedzaimaled@gmail.com,syedzaimaled@gmail.com,Active,9/6/2022 12:59,9/6/2022 13:05,NEXT MBA — CMO
synergylaw2@yahoo.com,Abiodun Owonikoko,Active,11/21/2021 12:07,11/21/2021 22:12,NEXT MBA CEO
szilviaolah@icloud.com,szilviaolah@icloud.com,Active,7/25/2022 12:35,7/25/2022 19:20,"NEXT MBA CEO,NEXT MBA — CMO"
t.stancu@re7consulting.com,t.stancu@re7consulting.com,Active,8/25/2022 16:57,8/25/2022 17:00,NEXT MBA — CMO
taiwo.sanni@casersgroup.com,taiwo.sanni@casersgroup.com,Active,7/18/2022 16:38, ,NEXT MBA — CMO
takahiro@gmail.com,takahiro@gmail.com,Active,7/4/2022 12:43,7/27/2022 12:44,NEXT MBA — CMO
talatu.kwasu@ddbwestafrica.com,talatu.kwasu@ddbwestafrica.com,Active,7/18/2022 16:36, ,NEXT MBA — CMO
tam.nm02@pnj.com.vn,tam.nm02@pnj.com.vn,Active,8/11/2022 9:31, ,"NEXT MBA CEO,NEXT MBA — CMO"
tam.nt09@pnj.com.vn,tam.nt09@pnj.com.vn,Active,8/12/2022 11:23, ,NEXT MBA CEO
tambanpola@gmail.com,tambanpola@gmail.com,Active,8/28/2022 12:22,8/30/2022 9:41,NEXT MBA CEO
tamcarmel@gmail.com,Tamara Wasserman,Active,7/23/2022 13:48,7/24/2022 9:36, 
tamikie.stephen@mlsgrenada.com,tamikie.stephen@mlsgrenada.com,Active,7/29/2022 11:15, ,"NEXT MBA CEO,NEXT MBA — CMO"
tancheva@bopartners.bg,tancheva@bopartners.bg,Active,8/22/2022 14:22,8/23/2022 13:28,NEXT MBA — CMO
tanmoyjava@yahoo.com,tanmoyjava@yahoo.com,Active,8/11/2022 14:40,8/11/2022 15:20,"NEXT MBA CEO,NEXT MBA — CMO"
tanya.hird@orionsalesjm.com,Tanya Hird,Active,7/11/2022 22:00, ,"NEXT MBA CEO,NEXT MBA — CMO"
tarektotah@gmail.com,tarektotah@gmail.com,Active,7/4/2022 13:15, ,NEXT MBA — CMO
tarrylm@gmail.com,tarrylm@gmail.com,Active,9/5/2022 3:53, ,NEXT MBA — CMO
tatiana.sen87@gmail.com,tatiana.sen87@gmail.com,Active,8/9/2022 11:02,9/10/2022 20:40,"NEXT MBA — CMO,NEXT MBA CEO"
tatinvi80@gmail.com,tatinvi80@gmail.com,Active,8/25/2022 15:10,9/7/2022 22:27,NEXT MBA — CMO
tatjana.walter@mindshift.one,Tatjana Walter,Active,6/30/2022 13:20,7/12/2022 19:38,NEXT MBA CEO
tatkhashvilimariam@gmail.com,tatkhashvilimariam@gmail.com,Active,9/1/2022 17:47,9/8/2022 20:46,NEXT MBA CEO
tatyana.ipr@gmail.com,tatyana.ipr@gmail.com,Active,8/12/2022 11:00,8/13/2022 8:34,NEXT MBA — CMO
taylor@infinity-enterprises.net,Taylor,Active,6/30/2022 21:57,6/30/2022 22:03,"NEXT MBA CEO,NEXT MBA — CMO"
teakuchava.procurement@gmail.com,teakuchava.procurement@gmail.com,Active,8/29/2022 11:42, ,NEXT MBA CEO
teamxpresso@gmail.com,teamxpresso@gmail.com,Active,8/31/2022 3:21, ,NEXT MBA — CMO
teeloni@yahoo.com,teeloni@yahoo.com,Active,7/23/2022 16:02,7/23/2022 18:16,NEXT MBA — CMO
tehkimyee@icloud.com,Teh Kim Yee,Active,9/13/2022 10:38, ,NEXT MBA — CMO
tej@chitchatchai.in,Poorna Tej Valluru,Active,7/16/2022 11:51,7/21/2022 20:37,"NEXT MBA CEO,NEXT MBA — CMO"
tejas@anr.in,Tejas Thakur,Active,9/12/2022 15:30,9/13/2022 10:47,NEXT MBA — CMO
teodora79@abv.bg,teodora79@abv.bg,Active,8/3/2022 11:01,9/12/2022 9:49,"NEXT MBA CEO,NEXT MBA — CMO"
terranova.anto@gmail.com,terranova.anto@gmail.com,Active,7/21/2022 12:18,7/22/2022 12:08,NEXT MBA — CMO
terrilyn.lawson@gmail.com,Terrilyn.lawson@gmail.com,Active,9/13/2022 1:47, ,NEXT MBA CEO
test@pampama.dr,testerFF,Active,12/6/2021 16:27, , 
test@t.com,test,Active,11/11/2021 16:09,11/11/2021 18:02,NEXT MBA CEO
test01@mail.ru,test,Active,12/9/2021 12:48, , 
test02@t.com,test02,Active,11/11/2021 16:18, ,NEXT MBA CEO
test03@mail.ru,test,Active,12/9/2021 12:50, , 
tetsumin.go@gmail.com,tetsumin.go@gmail.com,Active,8/11/2022 16:27,9/5/2022 7:32,"NEXT MBA CEO,NEXT MBA — CMO"
thalespaulino@gmail.com,thalespaulino@gmail.com,Active,7/12/2022 15:22,7/12/2022 15:26,NEXT MBA — CMO
thanh.le@shoefabrik.com,thanh.le@shoefabrik.com,Active,7/22/2022 14:08, ,NEXT MBA CEO
thao.ndt@pnj.com.vn,thao.ndt@pnj.com.vn,Active,8/12/2022 11:21, ,NEXT MBA CEO
thawin999@gmail.com,Thawin999@gmail.com,Active,8/25/2022 15:29, ,NEXT MBA — CMO
theleandroalves@hotmail.com,theleandroalves@hotmail.com,Active,8/31/2022 12:19,9/2/2022 16:07,NEXT MBA — CMO
themomstoppable@gmail.com,themomstoppable@gmail.com,Active,7/25/2022 11:40,8/18/2022 15:44,"NEXT MBA CEO,NEXT MBA — CMO"
thepatogarciamail@gmail.com,Patricio Garcia,Active,6/30/2022 21:08,6/30/2022 21:29,"NEXT MBA — CMO,NEXT MBA CEO"
thesamaelbox@gmail.com,thesamaelbox@gmail.com,Active,7/4/2022 13:37,9/3/2022 20:54,NEXT MBA — CMO
thiago.liguori@gmail.com,thiago.liguori@gmail.com,Active,7/14/2022 11:02,7/23/2022 15:08,NEXT MBA CEO
thidakarn.ru@samitivej.co.th,thidakarn.ru@samitivej.co.th,Active,7/4/2022 13:32, ,NEXT MBA — CMO
thierrylukala67@gmail.com,Thierry LUKALA,Active,11/22/2021 22:33, , 
thinh.nguyen@vn.mcd.com,Thinh Nguyen,Active,8/29/2022 20:58,8/29/2022 20:58,NEXT MBA — CMO
think@wider.pt,,Active,6/30/2022 15:28, ,NEXT MBA CEO
tiago.machado.igreja@gmail.com,Tiago Igreja,Active,7/11/2022 14:43, , 
tiatleong@gmail.com,Ang Tiat Leong,Active,6/30/2022 13:25, ,"NEXT MBA CEO,NEXT MBA — CMO"
ticic.nina.ninaticic@gmail.com,ticic.nina.ninaticic@gmail.com,Active,7/4/2022 12:57,9/11/2022 16:34,NEXT MBA — CMO
tillander.brett@miclubs.org,tillander.brett@miclubs.org,Active,8/17/2022 11:23, ,NEXT MBA CEO
timea.mege@rewart.hu,timea.mege@rewart.hu,Active,7/4/2022 13:22,7/7/2022 14:15,NEXT MBA — CMO
timfurrh@gmail.com,timfurrh@gmail.com,Active,7/13/2022 17:10,9/4/2022 4:10,"NEXT MBA CEO,NEXT MBA — CMO"
timisireabayomi@gmail.com,timisireabayomi@gmail.com,Active,7/4/2022 13:33, ,NEXT MBA — CMO
timites2001@yahoo.fr,Issiaka Timite,Active,11/17/2021 20:37, , 
tin.baguio@yahoo.com,tin.baguio@yahoo.com,Active,7/25/2022 11:40,7/25/2022 18:46,"NEXT MBA CEO,NEXT MBA — CMO"
tinam2608@gmail.com,Tina,Active,6/30/2022 19:00,8/15/2022 21:37,"NEXT MBA CEO,NEXT MBA — CMO"
tinayamsch@gmail.com,Tina,Active,8/1/2022 10:30,8/1/2022 10:30, 
tkucharova@primeconcrete.ge,Tkucharova@primeconcrete.ge,Active,8/29/2022 11:34, ,NEXT MBA CEO
tkuchava@primeconcrete.ge,tkuchava@primeconcrete.ge,Active,8/29/2022 11:27,9/12/2022 17:12,NEXT MBA CEO
tloh@creativeedgemk.com,tloh@creativeedgemk.com,Active,8/29/2022 13:05,9/10/2022 17:39,NEXT MBA — CMO
tmartina@ictual.com,tmartina@ictual.com,Active,7/11/2022 16:08, ,NEXT MBA — CMO
tmcfilipe@gmail.com,tmcfilipe@gmail.com,Active,8/17/2022 10:50,8/29/2022 15:15,NEXT MBA CEO
toan.nb01@pnj.com.vn,toan.nb01@pnj.com.vn,Active,8/12/2022 11:19, ,NEXT MBA CEO
tobigunawan@gmail.com,tobigunawan@gmail.com,Active,9/6/2022 10:14, ,NEXT MBA — CMO
todd@changemaker.ms,todd@changemaker.ms,Active,8/20/2022 15:55, ,NEXT MBA — CMO
todd@tradinganalysis.com,todd@tradinganalysis.com,Active,8/16/2022 11:18, ,NEXT MBA — CMO
toinakinimi@yahoo.in,Toinakinimi@yahoo.in,Active,8/10/2022 10:12,8/10/2022 14:22,"NEXT MBA CEO,NEXT MBA — CMO"
tom.buerkert@jaguar-ep.com,tom.buerkert@jaguar-ep.com,Active,7/20/2022 11:49, ,NEXT MBA CEO
tomas.belak@gmail.com,Tomas Belak,Active,8/15/2022 11:31,8/20/2022 19:50,NEXT MBA CEO
tomasz.smardzewski@gmail.com,tomasz.smardzewski@gmail.com,Active,8/29/2022 19:21,9/12/2022 15:08,"NEXT MBA CEO,NEXT MBA — CMO"
tomislav@inchoo.net,tomislav@inchoo.net,Active,7/7/2022 17:18, ,NEXT MBA CEO
tomoconnor1105@gmail.com,tomoconnor1105@gmail.com,Active,8/28/2022 12:37,8/28/2022 17:33,NEXT MBA CEO
tonibenici5@gmail.com,tonibenici5@gmail.com,Active,7/29/2022 11:38, ,NEXT MBA CEO
tonkowiczjoanna@gmail.com,tonkowiczjoanna@gmail.com,Active,8/18/2022 10:16,8/24/2022 19:03,"NEXT MBA CEO,NEXT MBA — CMO"
tony@wpinfluence.com,tony@wpinfluence.com,Active,8/21/2022 21:17,9/11/2022 18:24,NEXT MBA — CMO
torkborany@gmail.com,torkborany@gmail.com,Active,7/4/2022 13:41, ,NEXT MBA — CMO
toshak.b.kadam@gmail.com,toshak.b.kadam@gmail.com,Active,7/4/2022 13:06,7/19/2022 7:23,NEXT MBA — CMO
trabulsi.sara@gmail.com,trabulsi.sara@gmail.com,Active,8/28/2022 12:30, ,NEXT MBA CEO
tracy@justdancenorthumberland.com,tracy@justdancenorthumberland.com,Active,7/4/2022 12:42,9/8/2022 22:19,NEXT MBA — CMO
tracy@magosmedia.co.za,tracy@magosmedia.co.za,Active,8/23/2022 12:13,9/1/2022 10:09,NEXT MBA — CMO
tradebook.ua@gmail.com,tradebook.ua@gmail.com,Active,8/19/2022 15:23, ,"NEXT MBA CEO,NEXT MBA — CMO"
trailukyaboil@gmail.com,trailukyaboil@gmail.com,Active,7/4/2022 14:04, ,NEXT MBA CEO
trang.ntm07@pnj.com.vn,trang.ntm07@pnj.com.vn,Active,8/12/2022 11:20,8/27/2022 20:07,NEXT MBA CEO
trang1001@gmail.com,trang1001@gmail.com,Active,7/27/2022 13:25,8/6/2022 9:41,NEXT MBA — CMO
tri.munika@gmail.com,tri.munika@gmail.com,Active,7/12/2022 13:19,7/12/2022 13:23,NEXT MBA — CMO
triworkstraining@gmail.com,Triworkstraining@gmail.com,Active,8/31/2022 15:26,8/31/2022 22:51,NEXT MBA — CMO
tsotnebzhalava@gmail.com,tsotnebzhalava@gmail.com,Active,7/27/2022 13:08, ,"NEXT MBA CEO,NEXT MBA — CMO"
tuan.hm@pnj.com.vn,tuan.hm@pnj.com.vn,Active,8/12/2022 11:23,8/20/2022 5:41, 
tuan.na01@pnj.com.vn,tuan.na01@pnj.com.vn,Active,8/12/2022 11:19, ,NEXT MBA CEO
tumanggor_d@pelindo.co.id,tumanggor_d@pelindo.co.id,Active,7/12/2022 14:33, ,NEXT MBA CEO
turguna@gmail.com,turguna@gmail.com,Active,8/5/2022 9:45,8/15/2022 0:47,"NEXT MBA CEO,NEXT MBA — CMO"
tv.contact01@gmail.com,Tv.contact01@gmail.com,Active,8/12/2022 10:53,9/1/2022 5:03,NEXT MBA — CMO
tvss@outlook.pt,Tvss@outlook.pt,Active,8/25/2022 16:20, ,NEXT MBA CEO
twytye@yahoo.com,twytye@yahoo.com,Active,8/20/2022 15:53,9/6/2022 12:20,"NEXT MBA — CMO,NEXT MBA CEO"
ugne.daubaraite@gmail.com,Ugne,Active,7/4/2022 12:39,7/31/2022 22:37,NEXT MBA — CMO
uli@uwire.de,uli@uwire.de,Active,7/23/2022 14:36,7/23/2022 14:42,"NEXT MBA CEO,NEXT MBA — CMO"
ulrike@shoefabrik.com,ulrike@shoefabrik.com,Active,7/21/2022 11:10,7/21/2022 15:01,NEXT MBA CEO
umashankar4@gmail.com,umashankar4@gmail.com,Active,8/10/2022 21:11, ,NEXT MBA — CMO
unekwu.pr@gmail.com,unekwu.pr@gmail.com,Active,7/29/2022 11:13, ,"NEXT MBA CEO,NEXT MBA — CMO"
uniquedrobinson@gmail.com,uniquedrobinson@gmail.com,Active,7/7/2022 20:54,7/15/2022 6:36,"NEXT MBA CEO,NEXT MBA — CMO"
university.sanjeethshetty@gmail.com,Sanjeeth Shetty,Active,12/15/2021 5:05,12/16/2021 19:52, 
unpopularcounselor@gmail.com,unpopularcounselor@gmail.com,Active,8/13/2022 12:23, ,NEXT MBA — CMO
v.korolenko@mail.ru,v.korolenko@mail.ru,Active,7/4/2022 13:03,7/4/2022 13:16,NEXT MBA — CMO
v.kyurkchiev@toto.bg,v.kyurkchiev@toto.bg,Active,8/16/2022 15:20,8/16/2022 15:41,NEXT MBA CEO
v.lu@madagency.ph,v.lu@madagency.ph,Active,7/12/2022 10:56,8/11/2022 9:52,NEXT MBA — CMO
v.tsoukala@advengers.gr,Venetia,Active,8/20/2022 17:04,8/20/2022 17:04, 
vaelzacanga@gmail.com,vaelzacanga@gmail.com,Active,7/29/2022 10:23, ,"NEXT MBA CEO,NEXT MBA — CMO"
vagetable30@gmail.com,vagetable30@gmail.com,Active,7/7/2022 17:14,8/29/2022 9:47,NEXT MBA — CMO
vahemarx@hotmail.com,Margus Vahemae,Active,12/11/2021 20:15, , 
vaida.rickute@gmail.com,vaida.rickute@gmail.com,Active,9/12/2022 3:51, ,NEXT MBA — CMO
vakhonina.yuliya@gmail.com,Yuliya Vakhonina,Active,6/30/2022 13:27,7/2/2022 22:05,NEXT MBA CEO
val@bbooster.online,Valentin Business Booster,Active,8/18/2022 9:06,9/6/2022 19:56,NEXT MBA — CMO
valentina.monak@gmail.com,valentina.monak@gmail.com,Active,7/21/2022 13:12,9/14/2022 11:32,NEXT MBA — CMO
valts.jakubovics@gmail.com,Valts,Active,8/31/2022 1:04,9/13/2022 23:22,NEXT MBA CEO
van.nguyen@ibpvietnam.vn,van.nguyen@ibpvietnam.vn,Active,8/19/2022 10:13, ,NEXT MBA CEO
van.vtc@pnj.com.vn,van.vtc@pnj.com.vn,Active,8/11/2022 12:34, ,NEXT MBA CEO
vand@alphaomega.digital,Vassilis Andritsos,Active,6/30/2022 21:52,6/30/2022 22:07,"NEXT MBA CEO,NEXT MBA — CMO"
vane.borrell@gmail.com,vane.borrell@gmail.com,Active,8/16/2022 14:48,9/5/2022 16:33,NEXT MBA — CMO
vanessa.maresch@salt.na,vanessa.maresch@salt.na,Active,7/12/2022 13:16,8/19/2022 15:52,NEXT MBA — CMO
vanessa@corvan.com.my,vanessa@corvan.com.my,Active,8/24/2022 14:03,9/2/2022 21:02,NEXT MBA — CMO
vannack.som@gmail.com,Vannack Som,Active,8/9/2022 0:26,8/15/2022 19:22,NEXT MBA CEO
varunganjoo@gmail.com,varunganjoo@gmail.com,Active,7/9/2022 23:06, ,NEXT MBA — CMO
vasanthje@icloud.com,vasanthje@icloud.com,Active,8/6/2022 4:29, ,NEXT MBA CEO
vasanthje@yahoo.com,vasanthje@yahoo.com,Active,7/21/2022 10:49, ,NEXT MBA CEO
vasco.mendonca@tymeshift.com,Vasco Mendonça,Active,8/25/2022 16:10,8/25/2022 16:10, 
vasco@melontech.com,vasco@melontech.com,Active,9/8/2022 2:06, ,NEXT MBA CEO
vascodematosramos@gmail.com,vascodematosramos@gmail.com,Active,8/16/2022 11:56,8/24/2022 15:33,NEXT MBA CEO
vbsaran@yahoo.com,vbsaran@yahoo.com,Active,8/19/2022 10:09,9/6/2022 5:39,NEXT MBA CEO
vdefranco2008@gmail.com,vdefranco2008@gmail.com,Active,7/29/2022 10:28, ,"NEXT MBA CEO,NEXT MBA — CMO"
velianat@hotmail.com,velianat@hotmail.com,Active,9/2/2022 4:20, ,NEXT MBA — CMO
veronicacapatina97@gmail.com,veronicacapatina97@gmail.com,Active,7/4/2022 13:01,7/29/2022 12:06,NEXT MBA — CMO
vesna.sekalec@wawa.hr,vesna.sekalec@wawa.hr,Active,7/4/2022 13:22, ,NEXT MBA — CMO
vgovind@lotusroofings.com,vgovind@lotusroofings.com,Active,9/5/2022 3:17,9/11/2022 16:18,"NEXT MBA CEO,NEXT MBA — CMO"
vgteig@gmail.com,vgteig@gmail.com,Active,7/14/2022 12:05,8/31/2022 22:01,"NEXT MBA CEO,NEXT MBA — CMO"
vickynguyen.sg@gmail.com,vickynguyen.sg@gmail.com,Active,7/22/2022 12:21,9/1/2022 17:00,"NEXT MBA CEO,NEXT MBA — CMO"
victor.carvalho@dsm.com,Victor.Carvalho@dsm.com,Active,7/26/2022 11:11,7/30/2022 18:50,NEXT MBA — CMO
victoriaburca@gmail.com,victoriaburca@gmail.com,Active,7/18/2022 15:06,7/24/2022 10:38,"NEXT MBA CEO,NEXT MBA — CMO"
victoriadelebis@gmail.com,victoriadelebis@gmail.com,Active,7/29/2022 10:30, ,"NEXT MBA CEO,NEXT MBA — CMO"
victoriahopkins29@gmail.com,Victoriahopkins29@gmail.com,Active,7/4/2022 13:30,8/9/2022 6:24,NEXT MBA — CMO
victormnakamura@gmail.com,victormnakamura@gmail.com,Active,7/29/2022 10:23, ,"NEXT MBA CEO,NEXT MBA — CMO"
vidhansingh999@gmail.com,vidhansingh999@gmail.com,Active,9/1/2022 5:06,9/1/2022 12:17,"NEXT MBA CEO,NEXT MBA — CMO"
vijay@vijaybharadwaj.com,vijay@vijaybharadwaj.com,Active,8/9/2022 13:41,8/9/2022 14:08,"NEXT MBA CEO,NEXT MBA — CMO"
vikas.lakhani18@gmail.com,vikas.lakhani18@gmail.com,Active,8/1/2022 20:40,8/16/2022 11:35,NEXT MBA CEO
viki.davidova@unicreditgroup.bg,viki.davidova@unicreditgroup.bg,Active,7/29/2022 11:03, ,"NEXT MBA CEO,NEXT MBA — CMO"
viki@europe.com,viki@europe.com,Active,7/7/2022 13:56,7/15/2022 14:58,NEXT MBA — CMO
viktorija.kybaite@gmail.com,viktorija.kybaite@gmail.com,Active,8/23/2022 12:44,9/2/2022 8:27,NEXT MBA CEO
viktorijanestoroska@yahoo.com,Viktorija Nestoroska,Active,12/13/2021 15:31, , 
vil@aestechnologies.com,Vasileios IIiadis,Active,6/30/2022 12:25,7/1/2022 18:29,"NEXT MBA CEO,NEXT MBA — CMO"
vilius@kilo.health,vilius@kilo.health,Active,7/4/2022 12:45, ,NEXT MBA — CMO
vincenology@gmail.com,vincenology@gmail.com,Active,8/20/2022 15:47,8/29/2022 6:03,NEXT MBA — CMO
vincent@agencebam.ca,vincent@agencebam.ca,Active,8/24/2022 11:49,9/10/2022 6:23,NEXT MBA — CMO
vinuaby@gmail.com,vinuaby@gmail.com,Active,9/9/2022 2:12, ,NEXT MBA — CMO
virgilio.cordon@gmail.com,virgilio.cordon@gmail.com,Active,7/20/2022 11:39,8/20/2022 15:12,NEXT MBA CEO
virgiliosilva@portobay.pt,virgiliosilva@portobay.pt,Active,8/22/2022 17:13,9/14/2022 12:30,"NEXT MBA CEO,NEXT MBA — CMO"
vishalsinha1729@gmail.com,vishalsinha1729@gmail.com,Active,9/2/2022 6:03, ,"NEXT MBA CEO,NEXT MBA — CMO"
vishamdeonarine@gmail.com,vishamdeonarine@gmail.com,Active,7/29/2022 11:40, ,NEXT MBA CEO
vitaliy_torbenko@ukr.net,Vitaliy Torbenko,Active,7/20/2022 0:43,8/27/2022 0:25, 
vitaliy.torbenko@gmail.com,vitaliy.torbenko@gmail.com,Active,7/29/2022 11:03, ,"NEXT MBA CEO,NEXT MBA — CMO"
vitanart@royalcliff.com,vitanart@royalcliff.com,Active,7/18/2022 15:39,8/21/2022 16:55,"NEXT MBA CEO,NEXT MBA — CMO"
vitoriaspirandeli@gmail.com,vitoriaspirandeli@gmail.com,Active,8/30/2022 9:30,8/30/2022 11:35,NEXT MBA — CMO
vks.chauhan@gmail.com,vks.chauhan@gmail.com,Active,7/21/2022 13:45,7/21/2022 14:46,NEXT MBA CEO
vlad.burca@gmail.com,vlad.burca@gmail.com,Active,7/4/2022 12:44,7/6/2022 19:11,NEXT MBA — CMO
vlad@vladolteanu.eu,Vlad Olteanu,Active,6/30/2022 13:14, ,"NEXT MBA CEO,NEXT MBA — CMO"
vladimir@younity.team,vladimir@younity.team,Active,7/14/2022 11:57,7/16/2022 9:29,"NEXT MBA CEO,NEXT MBA — CMO"
vladsoporan2@gmail.com,Vlad Soporan,Active,9/8/2022 14:45, ,NEXT MBA — CMO
vladvedrasco@gmail.com,vladvedrasco@gmail.com,Active,8/8/2022 12:07,8/29/2022 17:35,"NEXT MBA CEO,NEXT MBA — CMO"
vlevitam@gmail.com,vlevitam@gmail.com,Active,7/4/2022 13:12, ,NEXT MBA — CMO
vm@greyorbits.com,Viren Mantri,Active,6/30/2022 12:27, ,NEXT MBA CEO
voice@deannacooney.com.au,voice@deannacooney.com.au,Active,8/27/2022 15:41,8/28/2022 9:44,NEXT MBA — CMO
volonkinmv@gmail.com,volonkinmv@gmail.com,Active,7/28/2022 19:31, ,"NEXT MBA CEO,NEXT MBA — CMO"
vorobyeva-olesya@mail.ru,vorobyeva-olesya@mail.ru,Active,9/5/2022 10:02, ,"NEXT MBA CEO,NEXT MBA — CMO"
vsahate@gmail.com,Sahate,Active,6/30/2022 18:01,7/1/2022 15:04,"NEXT MBA CEO,NEXT MBA — CMO"
vsoler@esolutionsfurniture.com,vsoler@esolutionsfurniture.com,Active,7/4/2022 13:30,7/26/2022 21:21,NEXT MBA — CMO
vuhai.hoang78@gmail.com,vuhai.hoang78@gmail.com,Active,8/10/2022 10:23,8/13/2022 14:18,"NEXT MBA CEO,NEXT MBA — CMO"
vukadin@vukimedia.com,Vukadin Zecevic,Active,2/20/2022 15:09,2/21/2022 15:36, 
vukasin.posh33@gmail.com,Vukasin Posh,Active,9/7/2022 18:38,9/7/2022 19:46,NEXT MBA — CMO
vuthy@mrtsconsulting.com,Phoung Vuthy,Active,6/30/2022 12:53,7/16/2022 12:55,"NEXT MBA CEO,NEXT MBA — CMO"
vvvvvv22.09.1991@gmail.com,vvvvvv22.09.1991@gmail.com,Active,7/29/2022 11:01, ,"NEXT MBA CEO,NEXT MBA — CMO"
w.gackowski69@gmail.com,w.gackowski69@gmail.com,Active,7/29/2022 10:42, ,"NEXT MBA CEO,NEXT MBA — CMO"
w.miecznikowski@grena.co.uk,w.miecznikowski@grena.co.uk,Active,7/22/2022 14:27,9/11/2022 10:27,"NEXT MBA CEO,NEXT MBA — CMO"
wahajnabi@gmail.com,wahajnabi@gmail.com,Active,8/23/2022 12:07,8/23/2022 12:15,NEXT MBA CEO
wahyu_p@pelindo.co.id,wahyu_p@pelindo.co.id,Active,7/12/2022 14:25, ,NEXT MBA CEO
walaalka7724@gmail.com,Abdirisaq mohahud addow,Active,11/20/2021 7:30, , 
walalka@gmail.com,Farxaan,Active,11/19/2021 20:54,11/21/2021 11:06, 
waldirfalcon@hotmail.com,waldirfalcon@hotmail.com,Active,9/6/2022 5:50,9/9/2022 4:33,NEXT MBA — CMO
waldirfalcond@gmail.com,waldirfalcond@gmail.com,Active,9/6/2022 5:32,9/6/2022 5:36,NEXT MBA — CMO
waldr77@gmail.com,waldr77@gmail.com,Active,7/29/2022 10:36, ,"NEXT MBA CEO,NEXT MBA — CMO"
warnetpreneur@gmail.com,warnetpreneur@gmail.com,Active,7/29/2022 10:40,8/9/2022 15:52,"NEXT MBA CEO,NEXT MBA — CMO"
waseem.klazina@gmail.com,Waseem Akram,Active,12/8/2021 21:13, , 
waspinder242@gmail.com,Warren Andrew Pinder,Active,11/19/2021 6:12, , 
waynebrueggemann@googlemail.com,waynebrueggemann@googlemail.com,Active,9/2/2022 3:36,9/5/2022 22:04,NEXT MBA — CMO
web.dariodp@gmail.com,Dario Di Pietrantonio,Active,7/11/2022 23:00, ,"NEXT MBA CEO,NEXT MBA — CMO"
weecent@gmail.com,weecent@gmail.com,Active,7/29/2022 11:43,7/29/2022 13:35,"NEXT MBA CEO,NEXT MBA — CMO"
weerassanjee@gmail.com,weerassanjee@gmail.com,Active,7/29/2022 10:38, ,"NEXT MBA CEO,NEXT MBA — CMO"
weihsien84@gmail.com,weihsien84@gmail.com,Active,7/11/2022 9:36, ,NEXT MBA — CMO
wesley.balten@adgoji.com,wesley.balten@adgoji.com,Active,8/3/2022 12:14,8/17/2022 12:45,"NEXT MBA CEO,NEXT MBA — CMO"
wgseet@singnet.com.sg,wgseet@singnet.com.sg,Active,8/18/2022 10:11,8/18/2022 10:46,NEXT MBA CEO
wheresmau@hotmail.com,wheresmau@hotmail.com,Active,8/24/2022 12:17,9/6/2022 8:27,NEXT MBA CEO
whitekw3@gmail.com,whitekw3@gmail.com,Active,8/25/2022 14:15, ,NEXT MBA — CMO
whitneybschroeder@gmail.com,whitneybschroeder@gmail.com,Active,9/2/2022 4:15,9/2/2022 5:24,NEXT MBA — CMO
widyas.wendra@pelindo.co.id,Widyas.Wendra@pelindo.co.id,Active,7/12/2022 14:27, ,NEXT MBA CEO
wilfloresta@gmail.com,wilfloresta@gmail.com,Active,9/6/2022 3:41,9/6/2022 12:33,NEXT MBA — CMO
wilhelm.laub@googlemail.com,wilhelm.laub@googlemail.com,Active,8/19/2022 13:03, ,NEXT MBA — CMO
will@wrgould.om,will@wrgould.om,Active,9/6/2022 4:14, ,NEXT MBA — CMO
willd@spfla.com,willd@spfla.com,Active,8/23/2022 12:37,8/23/2022 12:41,NEXT MBA — CMO
williematias@gmail.com,williematias@gmail.com,Active,7/29/2022 11:26, ,"NEXT MBA CEO,NEXT MBA — CMO"
winikrzysiek@gmail.com,Krzysztof Windorpski,Active,2/22/2022 11:25,3/4/2022 0:36, 
wirianaj@gmail.com,JEFRY WIRIANA,Active,11/18/2021 5:55,11/20/2021 22:20,NEXT MBA CEO
wowmalika.idea@gmail.com,wowmalika.idea@gmail.com,Active,8/28/2022 12:39,8/30/2022 8:33,NEXT MBA — CMO
wsutamin@gmail.com,wsutamin@gmail.com,Active,7/4/2022 13:47,7/17/2022 16:14,NEXT MBA — CMO
www.nadimkhan432@gmail.com,Nadim khan,Active,11/20/2021 16:31, , 
xamsecabdifaarax85@gmail.com,Xamsecabdi,Active,11/21/2021 0:04, , 
xasanyare0266@gmail.com,Xasan maxamed,Active,11/21/2021 0:34, , 
xazaazi64@gmail.co,Hassan abdi xusein,Active,11/19/2021 23:29, , 
ximeballina@gmail.com,ximeballina@gmail.com,Active,7/21/2022 10:50, ,NEXT MBA — CMO
xmilan40@gmail.com,xmilan40@gmail.com,Active,8/16/2022 15:26, ,NEXT MBA CEO
xsara.gabriela@gmail.com,xsara.gabriela@gmail.com,Active,7/29/2022 10:30, ,"NEXT MBA CEO,NEXT MBA — CMO"
yadzang@gmail.com,Shagul Hiwa Ali,Active,6/30/2022 13:21,8/20/2022 17:16,"NEXT MBA CEO,NEXT MBA — CMO"
yadzang@yahoo.co.uk,Yadzang@yahoo.co.uk,Active,7/27/2022 8:37, ,"NEXT MBA CEO,NEXT MBA — CMO"
yakimenko01@gmail.com,yakimenko01@gmail.com,Active,7/11/2022 11:27,9/10/2022 16:27,NEXT MBA — CMO
yana.valentinova@gmail.com,yana.valentinova@gmail.com,Active,7/13/2022 13:07,9/2/2022 13:37,"NEXT MBA CEO,NEXT MBA — CMO"
yanina.sartison@evromedics.com,yanina.sartison@evromedics.com,Active,7/23/2022 14:45,7/23/2022 14:57,NEXT MBA — CMO
yannes_chandra@bcalife.co.id,yannes_chandra@bcalife.co.id,Active,7/22/2022 13:23,8/20/2022 15:16,"NEXT MBA CEO,NEXT MBA — CMO"
yap.chae.siang@gmail.com,Stephen,Active,6/30/2022 15:50, ,NEXT MBA CEO
yara.aziz95@gmail.com,Yara Mohammedali ,Active,9/12/2022 15:45,9/13/2022 9:33,NEXT MBA — CMO
yaredaadir74@gmail.com,Daadir yare,Active,11/19/2021 19:32, , 
yariiseyh@gmail.com,Xamdi clashing,Active,11/20/2021 11:47, , 
yaseenali88@gmail.com,Yaseen Ali,Active,7/7/2022 20:13, , 
yasserinnovation@gmail.com,yasserinnovation@gmail.com,Active,9/1/2022 8:31,9/1/2022 8:36,NEXT MBA CEO
yenceen@hotmail.com,Yen Ceen Teh,Active,8/29/2022 18:53,8/29/2022 22:44,NEXT MBA CEO
yesy.roca@gmail.com,yesy.roca@gmail.com,Active,7/4/2022 13:17,8/29/2022 3:54,NEXT MBA — CMO
yidenkachwgirma61@gmail.com,Yidenkachw girma,Active,11/21/2021 2:54, , 
yifat@anz.co.il,yifat@anz.co.il,Active,8/3/2022 11:51,8/3/2022 11:56,"NEXT MBA — CMO,NEXT MBA CEO"
yinghauhk@gmail.com,yinghauhk@gmail.com,Active,7/9/2022 13:14, ,NEXT MBA — CMO
yjmhugues@hotmail.com,yjmhugues@hotmail.com,Active,7/23/2022 14:41, ,"NEXT MBA CEO,NEXT MBA — CMO"
ynhi.do@gmail.com,Nhi Do,Active,7/12/2022 10:46, ,"NEXT MBA CEO,NEXT MBA — CMO"
yoalli@godandiandsons.com,Yoalli Garcia,Active,6/30/2022 12:24, ,"NEXT MBA CEO,NEXT MBA — CMO"
yogesh.t2008@gmail.com,yogesh.t2008@gmail.com,Active,7/4/2022 13:10, ,NEXT MBA — CMO
yogesh@theshah.co.in,yogesh@theshah.co.in,Active,7/7/2022 14:51,7/12/2022 17:37,NEXT MBA CEO
yogi.fetriansyah@pelindo.co.id,yogi.fetriansyah@pelindo.co.id,Active,7/12/2022 14:33, ,NEXT MBA CEO
yohannes.lianto@pelindo.co.id,Yohannes.Lianto@pelindo.co.id,Active,7/12/2022 14:31, ,NEXT MBA CEO
yolande@ibiliti.co.za,Yolande van Niekerk,Active,11/18/2021 10:41,11/19/2021 10:20,NEXT MBA CEO
you@mgracea.com,Grace Antoniou,Active,11/22/2021 9:47, , 
ypizarro@escapepr.org,ypizarro@escapepr.org,Active,8/30/2022 3:23,8/31/2022 3:56,NEXT MBA CEO
yuliana.pannieragouw@yokesen.com,Yuliana Pannieragouw,Active,9/13/2022 18:33, ,"NEXT MBA CEO,NEXT MBA — CMO"
yuliya.gatilova@gmail.com,yuliya.gatilova,Active,7/14/2022 11:18,8/3/2022 16:03,"NEXT MBA CEO,NEXT MBA — CMO"
yuusuftimacad@gmail.com,Sapir,Active,11/20/2021 6:00, , 
zafira@tommanasoutdoor.com,Zafira,Active,6/30/2022 15:39,6/30/2022 15:44,NEXT MBA CEO
zahierkhairul@gmail.com,zahierkhairul@gmail.com,Active,8/15/2022 18:49,8/15/2022 19:19,"NEXT MBA CEO,NEXT MBA — CMO"
zahra.hssn@gmail.com,zahra.hssn@gmail.com,Active,7/4/2022 17:28, ,NEXT MBA — CMO
zahrin@hotelempire.in,zahrin@hotelempire.in,Active,9/1/2022 17:37,9/1/2022 19:35,"NEXT MBA CEO,NEXT MBA — CMO"
zaiceva.nastya13@gmail.com,Zaiceva.nastya13@gmail.com,Active,9/1/2022 17:44,9/1/2022 22:52,NEXT MBA — CMO
zaidiaqsa101@gmail.com,zaidiaqsa101@gmail.com,Active,8/18/2022 10:14, ,NEXT MBA — CMO
zaira.rm@icloud.com,zaira.rm@icloud.com,Active,8/17/2022 11:17, ,NEXT MBA — CMO
zbynek.pors@outlook.com,zbynek.pors@outlook.com,Active,8/15/2022 11:53, ,NEXT MBA CEO
zeinelabidinechamas@gmail.com,zeinelabidinechamas@gmail.com,Active,9/6/2022 13:30,9/8/2022 20:13,"NEXT MBA CEO,NEXT MBA — CMO"
zhennj@gmail.com,zhennj@gmail.com,Active,8/15/2022 17:27,8/15/2022 17:30,"NEXT MBA CEO,NEXT MBA — CMO"
zhukov.vladimir@gmail.com,zhukov.vladimir@gmail.com,Active,8/19/2022 15:23,8/23/2022 23:54,"NEXT MBA CEO,NEXT MBA — CMO"
ziga.zadnik@jungheinrich.si,ziga.zadnik@jungheinrich.si,Active,8/17/2022 11:33, ,NEXT MBA CEO
zinnewave@gmail.com,zinnewave@gmail.com,Active,7/18/2022 15:10,7/23/2022 15:42,NEXT MBA CEO
zita.moralez34@outlook.com,Zita Moralez,Active,6/30/2022 13:26,8/28/2022 9:17,"NEXT MBA CEO,NEXT MBA — CMO"
zitalopez@cittacreativos.com,zitalopez@cittacreativos.com,Active,7/18/2022 15:40,7/18/2022 16:47,NEXT MBA — CMO
zoltan.gaspar@hotmail.com,Zoltan Gaspar,Active,7/16/2022 7:50,8/2/2022 10:25, 
zoran@aksennt.com,Zoran Aksennt,Active,9/7/2022 10:51, ,NEXT MBA CEO
zsori834@gmail.com,Sorizin,Active,12/9/2021 18:13, , 
zulaa.n@shunkhlaigroup.mn,Zulaa,Active,9/12/2022 10:13, ,NEXT MBA — CMO
zulaika.tann@smx-global.com,zulaika.tann@smx-global.com,Active,7/29/2022 11:36, ,NEXT MBA CEO
zuzanna.talik@boldare.com,zuzanna.talik@boldare.com,Active,9/5/2022 3:27,9/9/2022 15:12,NEXT MBA — CMO
zwai7803@gmail.com,zwai7803@gmail.com,Active,7/29/2022 11:27, ,"NEXT MBA CEO,NEXT MBA — CMO"
zz656633@gmail.com,Zz656633@gmail.com,Active,7/29/2022 11:05, ,"NEXT MBA CEO,NEXT MBA — CMO"
